企业代号,企业名称,CORAL平均违约风险,预测不确定性,修正违约风险,预测信誉评级,是否放贷,贷款额度_万元,贷款年利率,客户流失率,预期损失_万元,预期净收益_万元
E124,个体经营E124 ,2.9987466653588536e-05,8.653191360930567e-05,0.001,A,是,99,0.0465,0.135727183124787,0.05133780532238765,3.92336342725017
E125,个体经营E125 ,7.011350633936705e-06,2.695379849418027e-05,0.001,A,是,99,0.0465,0.135727183124787,0.05133780532238765,3.92336342725017
E126,个体经营E126 ,9.184426292747667e-06,3.2100388415524415e-05,0.001,A,是,99,0.0465,0.135727183124787,0.05133780532238765,3.92336342725017
E127,个体经营E127 ,8.680848607899287e-05,0.000302235891964263,0.001,A,是,99,0.0465,0.135727183124787,0.05133780532238765,3.92336342725017
E131,个体经营E131 ,0.00037757565333636125,0.0007445822598249304,0.001,A,是,99,0.0465,0.135727183124787,0.05133780532238765,3.92336342725017
E129,个体经营E129 ,6.727206788280856e-05,0.0002772801108826851,0.001,A,是,99,0.0465,0.135727183124787,0.05133780532238765,3.92336342725017
E197,***医疗设备有限公司,0.0010594367935382553,0.0017313930123061725,0.0014057153959994898,A,是,99,0.0465,0.135727183124787,0.07216634333850487,3.9009206775378034
E132,个体经营E132 ,0.0011734920029451998,0.0014045623366195756,0.001454404470269115,A,是,99,0.0465,0.135727183124787,0.07466593355468616,3.8982273690798688
E167,***体育文化股份有限公司,0.001321647070009369,0.004301456523207512,0.0021819383746508715,A,是,99,0.0465,0.135727183124787,0.11201592750327337,3.8579827506002657
E191,***商贸有限责任公司,0.001854952996244207,0.004276940729792396,0.002710341142202686,A,是,99,0.0465,0.135727183124787,0.13914296591565928,3.8287533667109197
E147,***装饰工程有限责任公司,0.0022841423311486747,0.002817779687406019,0.002847698268629879,A,是,99,0.0465,0.135727183124787,0.1461945793318211,3.821155253255006
E162,***网络信息安全有限公司,0.002737249896184829,0.006661845724820294,0.004069619041148888,A,是,98,0.0465,0.135727183124787,0.20681495340340186,3.7156481142081796
E180,***电气有限公司,0.004574592412760021,0.006829007636383165,0.005940393940036654,A,是,98,0.0465,0.135727183124787,0.3018863150295507,3.6132087220560045
E134,***工程咨询有限公司,0.00559643837997936,0.013040015355100545,0.00820444145099947,A,是,97,0.0465,0.135727183124787,0.4126889671218468,3.4536301784418577
E141,***食品有限公司,0.006482734824718002,0.00903156589260219,0.00828904800323844,A,是,97,0.0465,0.135727183124787,0.4169447340578138,3.4490445895683535
E146,***基础建设工程有限公司,0.007085245709237314,0.008160600735284617,0.008717365856294238,A,是,97,0.0465,0.135727183124787,0.43848941244124123,3.425830198610211
E175,***食品集团有限公司,0.006119755416896241,0.016573216918964618,0.009434398800689164,A,是,96,0.0465,0.135727183124787,0.4696643189949555,3.3520505508138863
E140,***建筑工程有限公司,0.007678802402702878,0.0107889565540924,0.009836593713521358,A,是,97,0.0465,0.135727183124787,0.4947873324314911,3.3651691898207163
E164,个体经营E164 ,0.009054531799064005,0.008805257455123162,0.010815583290088637,A,是,97,0.0465,0.135727183124787,0.5440311718311113,3.3121089528676246
E165,***文化传媒股份有限公司,0.008542126014735378,0.014939845305047416,0.011530095075744862,A,是,96,0.0465,0.135727183124787,0.5739925103972947,3.239636924577866
E145,***工贸有限公司,0.010139082354425554,0.009178998445920551,0.011974882043609664,A,是,97,0.0585,0.347315668091994,0.45488060098327404,3.2044257818328377
E173,***贸易有限责任公司,0.010616662586886216,0.010229556894747948,0.012662573965835805,A,是,97,0.0585,0.347315668091994,0.48100342321520606,3.1757559844332914
E195,***医药有限公司,0.011896745716467238,0.010880570592436795,0.014072859834954597,A,是,96,0.0745,0.511096611982035,0.39630348589888753,3.0511258623731528
E193,个体经营E193 ,0.007929495793107543,0.03448477493500499,0.014826450780108542,A,是,94,0.0745,0.511096611982035,0.4088267938533639,2.9642009721996514
E194,***文化传播有限公司,0.009295615236346902,0.032194821532626546,0.01573457954287221,A,是,94,0.0745,0.511096611982035,0.43386767356172895,2.936050849927498
E169,***建筑设计有限公司,0.012518341190601004,0.016747306585429066,0.015867802507686816,A,是,96,0.0745,0.511096611982035,0.4468505706091034,2.9943025146447515
E171,***质量检验测试站,0.012586129577478405,0.019416763679780864,0.016469482313434577,A,是,95,0.0745,0.511096611982035,0.4589631850105866,2.9442626148810787
E137,***建设工程有限公司,0.013695161209252325,0.01419180885001597,0.01653352297925552,A,是,96,0.0745,0.511096611982035,0.4655978150648199,2.973227487335784
E225,***物业服务有限责任公司***分公司,0.015339294529973773,0.018692491508624422,0.019077792831698658,A,是,95,0.0745,0.511096611982035,0.5316502604253722,2.8625502276022914
E238,个体经营E238 ,0.013502827166895418,0.03496857488921807,0.020496542144739033,A,是,93,0.0745,0.511096611982035,0.5591622524646482,2.7587755584034612
E160,***钢结构工程有限公司,0.01827110495065445,0.013019769091181393,0.02087505876889073,A,是,95,0.0745,0.511096611982035,0.5817355565595339,2.8062460071981374
E135,***建设工程有限公司,0.019396398655079364,0.01370808667873682,0.02213801599082673,A,是,95,0.0745,0.511096611982035,0.6169310082489312,2.76668045359064
E128,个体经营E128 ,0.015189862942384183,0.03527808653800075,0.022245480249984333,A,是,93,0.0745,0.511096611982035,0.6068746989565669,2.7051388164721297
E159,个体经营E159 ,0.017785614564112925,0.025673326495682647,0.022920279863249453,A,是,94,0.0745,0.511096611982035,0.6320072598416904,2.7133089316844416
E139,个体经营E139 ,0.01934764367908112,0.021434394668119597,0.023634522612705038,A,是,94,0.0745,0.511096611982035,0.6517018973259825,2.6911688767125166
E174,***工程技术有限公司,0.021123380390723902,0.01841564329623696,0.024806509049971295,A,是,94,0.0745,0.511096611982035,0.684018428415811,2.654839709679034
E209,***工程检测有限公司,0.017513755362946436,0.04889757147133576,0.02729326965721359,A,是,90,0.0745,0.511096611982035,0.7205636882969809,2.468063537066599
E204,***科技发展有限公司,0.020508452465547215,0.04394275890461951,0.029297004246471116,A,是,91,0.0745,0.511096611982035,0.7820578930642532,2.4353571042813953
E177,***电力工程有限公司,0.02626568119506399,0.02447435865565584,0.031160552926195156,A,是,93,0.0745,0.511096611982035,0.8500850943156497,2.431729797022627
E136,***机械有限责任公司,0.02300460388111399,0.05068723705985691,0.03314205129308537,A,是,89,0.0745,0.511096611982035,0.8652541461071163,2.2689840450043666
E206,***建设工程有限公司,0.027537338156482634,0.030838424139204658,0.03370502298432357,A,是,92,0.0745,0.511096611982035,0.9096131961503063,2.3283869868028293
E154,***汽车销售服务有限公司,0.026182043775845383,0.038658864454589124,0.03391381666676321,A,是,91,0.0745,0.511096611982035,0.9052996608474358,2.2968128169984676
E150,***建设工程有限公司,0.03029484501872991,0.01923659349979413,0.03414216371868874,A,是,93,0.0745,0.511096611982035,0.9314258490112678,2.340289231952303
E144,***劳务有限公司,0.028667591965079443,0.030872473137334426,0.034842086592546326,A,是,92,0.0745,0.511096611982035,0.9402996627752589,2.2938902839052786
E176,***科技有限公司,0.030162973719158475,0.03791780325446673,0.03774653437005182,A,是,90,0.0745,0.511096611982035,0.9965380611305644,2.1578223462728454
E156,个体经营E156 ,0.03147873084251842,0.034481050052765534,0.038374940853071526,A,是,91,0.0745,0.511096611982035,1.0243854674538402,2.162940522738434
E138,个体经营E138 ,0.035854481071467756,0.01948258287491883,0.03975099764645152,A,是,92,0.0745,0.511096611982035,1.0727787379397253,2.1449617235745575
E188,***硬质合金有限公司,0.036530161864237805,0.028366189728888654,0.042203399810015536,A,是,91,0.0745,0.511096611982035,1.126582829353436,2.0480536550696384
E143,***电子科技有限公司,0.03692076036210512,0.028234863624441636,0.04256773308699345,A,是,91,0.0745,0.511096611982035,1.1363083873855635,2.037120506915189
E196,***地质制图印刷厂,0.03730051596356808,0.02655653584008562,0.0426118231315852,A,是,91,0.0745,0.511096611982035,1.1374853325465244,2.035797424396742
E152,***运贸有限责任公司,0.0379670654649048,0.030102128589638524,0.04398749118283251,A,是,91,0.0745,0.511096611982035,1.1742075874454656,1.9945154895145156
E158,***装饰工程有限公司,0.03887616902765214,0.040301063243004816,0.0469363816762531,A,是,89,0.0985,0.708302023264193,0.7311126202520247,1.7060333709777198
E220,***文化传播有限公司,0.031079262473987773,0.08653325312759017,0.04838591309950581,A,是,84,0.0985,0.708302023264193,0.7113492768634774,1.5853799430301692
E205,个体经营E205 ,0.045975400502158696,0.03035621057942338,0.05204664261804337,A,是,90,0.0985,0.708302023264193,0.8198226187690434,1.6314923984126344
E273,个体经营E273 ,0.03132847342297572,0.10655062834860263,0.05263859909269625,A,是,81,0.0985,0.708302023264193,0.7462322406823736,1.4585736071922397
E142,***运业有限公司,0.0511455805351567,0.026974934796625574,0.056540567494481817,A,是,89,0.0985,0.708302023264193,0.880713872163292,1.5318725802110198
E182,***新材料科技有限公司,0.050164514191901245,0.04134860710596988,0.05843423561309522,A,是,88,0.0985,0.708302023264193,0.899983830263407,1.4807068866143254
E148,***商贸有限公司,0.05616708333904165,0.03909064910097212,0.06398521315923607,A,是,87,0.1025,0.731275401311664,0.8975477180122147,1.3454728222972678
E161,***建筑劳务有限责任公司,0.057197110454697477,0.04980011459358242,0.06715713337341396,A,是,86,0.1225,0.814421028872806,0.6430883085089591,1.1806889559954503
E178,***贸易有限公司,0.06116379246214802,0.037861981904412055,0.06873618884303043,A,是,87,0.1225,0.814421028872806,0.665862740885032,1.175998167639011
E221,***测绘服务有限公司,0.05699781346457844,0.06709726054382179,0.0704172655733428,A,是,83,0.1225,0.814421028872806,0.6507845919956285,1.1032210760743424
E224,***纸业有限公司,0.06348970834988385,0.0358566212699857,0.07066103260388099,A,是,87,0.1225,0.814421028872806,0.6845091302753765,1.1535448070814707
E325,***通讯器材有限公司,0.05419197745429698,0.08289740266067115,0.07077145798643121,A,是,82,0.1225,0.814421028872806,0.6461777624280324,1.0860350427155747
E163,***物流有限公司,0.06676393895255404,0.03356489055967533,0.07347691706448911,A,是,87,0.1225,0.814421028872806,0.7117872289962399,1.1206974298717647
E213,***科技有限公司,0.0652756976201153,0.04664783780245571,0.07460526518060644,A,是,85,0.1225,0.814421028872806,0.7061035859973092,1.0820746353901478
E185,***生态魔芋有限公司,0.06673489762064247,0.04068232976927509,0.07487136357449749,A,是,86,0.1225,0.814421028872806,0.7169588119427382,1.0917365581106082
E153,个体经营E153 ,0.05430524305304827,0.10500382587434928,0.07530600822791814,A,是,79,0.1225,0.814421028872806,0.6624250263624067,0.998270357172022
E208,个体经营E208 ,0.06602593345382557,0.04753497010484307,0.07553292747479418,A,是,85,0.1225,0.814421028872806,0.7148834713168606,1.0715021901511879
E235,个体经营E235 ,0.07208934340681064,0.05453362888174732,0.0829960691831601,A,是,83,0.1225,0.814421028872806,0.7670357913052909,0.9632352569056241
E261,***医疗器械有限公司,0.07042984813439486,0.06901284648620121,0.0842324174316351,A,是,82,0.1225,0.814421028872806,0.7690828558359429,0.9380368260702159
E223,***科技有限公司,0.07051001014486577,0.07020901927916783,0.08455181400069933,A,是,81,0.1225,0.814421028872806,0.7625844783505202,0.9231285316624978
E168,***建材有限公司,0.07574799929874967,0.06110867615774021,0.08796973453029772,A,是,82,0.1225,0.814421028872806,0.8032063749636801,0.8969464217872325
E228,***文化发展有限公司,0.07614400375654659,0.062079633666395906,0.08855993048982577,A,是,82,0.1225,0.814421028872806,0.8085951505431661,0.8904574378602679
E155,个体经营E155 ,0.08058517904770272,0.04360106898740132,0.08930539284518299,A,是,84,0.1225,0.814421028872806,0.8352894271840742,0.9037799276646703
E216,***建设工程有限公司,0.07971620319008604,0.05393778543854968,0.09050376027779598,A,是,83,0.1225,0.814421028872806,0.8364206168316803,0.8796843628342633
E130,个体经营E130 ,0.0775565673148634,0.0649273753091353,0.09054204237669047,A,是,81,0.1225,0.814421028872806,0.8166111747058215,0.8580713848013225
E181,***食品有限公司,0.08222406738413388,0.06029051751270997,0.09428217088667587,A,是,81,0.1425,0.874434681686885,0.5753545408137563,0.7373364423721066
E149,***建筑劳务有限公司,0.0879268991161751,0.04258734287871629,0.09644436769191836,A,是,83,0.1425,0.874434681686885,0.6030813728913932,0.7388106033952687
E151,***路桥工程有限公司,0.08814557297331568,0.046890079878585886,0.09752358894903286,A,是,83,0.1425,0.874434681686885,0.6098299083732502,0.7304592907364703
E207,个体经营E207 ,0.09144022415297835,0.041254834854224244,0.0996911911238232,A,是,83,0.1425,0.874434681686885,0.623384256094527,0.7136857854313906
E170,***建筑劳务有限公司,0.09724688301141653,0.051439830077017586,0.10753484902682005,A,是,81,0.1425,0.874434681686885,0.6562286708233437,0.637254706485242
E415,***广告设计服务部,0.09229760950669677,0.09393215381492097,0.11108404026968097,A,是,76,0.1425,0.874434681686885,0.6360426111442037,0.5727696660400834
E189,***石油工程技术服务有限公司,0.09641501771281019,0.08390606568989192,0.11319623085078857,B,是,77,0.1425,0.842070843722875,0.8259167177191256,0.710805729073336
E222,***数码科技有限公司,0.10314212857637806,0.10576733993207266,0.12429559656279258,B,是,74,0.1425,0.842070843722875,0.8715675020190945,0.5867981691936536
E211,个体经营E211 ,0.12453048627543332,0.06914557962204226,0.13835960219984178,B,是,76,0.15,0.885864918999995,0.7201008088318581,0.4010139123602346
E133,个体经营E133 ,0.12882245508276785,0.059436731315994085,0.14070980134596667,B,是,76,0.15,0.885864918999995,0.7323325605797133,0.3857242226754156
E219,***品牌营销策划有限公司,0.12786156133466028,0.09941389520701276,0.14774434037606282,B,是,72,0.15,0.885864918999995,0.7284734894641353,0.3220670129698852
E227,***安全技术有限公司,0.13283747715309413,0.07986899390062074,0.14881127593321827,B,是,74,0.15,0.885864918999995,0.7541156642364272,0.32425481880452156
E190,***劳务有限公司,0.13327051038011997,0.0971552303910013,0.15270155645832023,B,是,71,0.15,0.885864918999995,0.7424585523474017,0.2874654222158015
E312,***家居用品有限公司,0.12697852718467875,0.13328046403966606,0.15363461999261196,B,是,68,0.15,0.885864918999995,0.7154320717282797,0.26988773653970155
E234,***机电设备商贸有限公司,0.14187910955446797,0.07086983476117578,0.15605307650670314,B,是,74,0.15,0.885864918999995,0.7908141954162289,0.27838165482976945
E237,个体经营E237 ,0.13813734881547113,0.09561874924625793,0.1572610986647227,B,是,71,0.15,0.885864918999995,0.7646277507789611,0.25975392417635235
E200,个体经营E200 ,0.14992341552955774,0.07263397424285549,0.16445021037812885,B,是,73,0.15,0.885864918999995,0.8221057679905313,0.2221469269618907
E301,***企业管理咨询有限公司,0.14240685717256354,0.11490734815101172,0.16538832680276588,B,是,69,0.15,0.885864918999995,0.781491657150084,0.20443351691244704
E230,***建筑劳务有限公司,0.151615953922914,0.0949192768045249,0.17059980928381896,B,是,70,0.15,0.885864918999995,0.8177997681501515,0.1761686403123632
E258,***国际货运有限公司,0.1599760211842568,0.07464237886077896,0.17490449695641258,B,是,71,0.15,0.885864918999995,0.850412678306613,0.15252276476678706
E330,***酒店管理有限公司,0.14689685228341942,0.14765388178037336,0.1764276286394941,B,是,64,0.15,0.885864918999995,0.7732447367196466,0.12914085670048991
E172,***物流有限公司,0.16846048067593905,0.06457496188962378,0.1813754730538638,B,是,62,0.15,0.885864918999995,0.7700885202731115,0.09884560295865746
E179,***园林有限公司,0.18556567863042067,0.07806786018252523,0.2011792506669257,B,是,10,0.15,0.885864918999995,0.1377696604223393,-0.001009454027916562
E184,***建筑装饰工程有限公司,0.18398080400986574,0.092787408441851,0.20253828569823595,B,是,10,0.15,0.885864918999995,0.13870034186262192,-0.002172805828269868
E198,***商贸有限公司,0.19409256988021836,0.08074879015246537,0.21024232791071143,B,是,10,0.15,0.885864918999995,0.14397615075431197,-0.008767566942882457
E310,***律师事务所,0.18832371083880312,0.11303793743687626,0.21093129832617838,B,是,10,0.15,0.885864918999995,0.14444796491936757,-0.00935733464920193
E232,***投资发展有限责任公司,0.1901202940582343,0.12977518005467495,0.2160753300691693,B,是,10,0.15,0.885864918999995,0.14797065179728475,-0.013760693246598406
E265,***净化工程有限公司,0.19622691944857523,0.1072942287705483,0.2176857652026849,B,是,10,0.15,0.885864918999995,0.1490734946637391,-0.015139246829666326
E199,***建筑劳务有限公司,0.1861807737880554,0.16919499768407742,0.22001977332487088,B,是,10,0.15,0.885864918999995,0.15067184790022128,-0.017137188375269077
E246,***物业服务有限公司,0.20368094575335866,0.09607218175164345,0.22289538210368734,B,是,10,0.15,0.885864918999995,0.15264109494558853,-0.019598747181978148
E299,***压缩天然气有限责任公司,0.20798727606471576,0.11178283963970272,0.2303438439926563,B,是,10,0.15,0.885864918999995,0.15774187975172607,-0.025974728189650076
E289,***运业有限公司***分公司,0.2145402444331106,0.09163054628720248,0.2328663536905511,B,是,10,0.15,0.885864918999995,0.1594693208438812,-0.028134029554843957
E157,***环境设备工程有限公司,0.2095112929528268,0.11879066871227319,0.23326942669528145,B,是,10,0.15,0.885864918999995,0.15974534946414407,-0.0284790653301726
E187,个体经营E187 ,0.18996888292413724,0.22298677502790015,0.2345662379297173,B,是,10,0.15,0.885864918999995,0.16063341939584838,-0.02958915274480296
E355,***地毯经营部,0.2003689122537752,0.17715731069431698,0.2358003743926386,B,是,10,0.15,0.885864918999995,0.16147856898681187,-0.030645589733507336
E375,***电器经营部,0.2095121102553749,0.16330044427444376,0.24217219911026364,B,是,10,0.15,0.885864918999995,0.1658420613683957,-0.03609995521048712
E259,***文化传媒有限公司,0.2263126967977577,0.13119273044830929,0.25255124288741954,B,是,10,0.15,0.885864918999995,0.17294973938164543,-0.044984552727049223
E281,***商业管理有限责任公司,0.23502093963349827,0.1334125217700443,0.2617034439875071,B,是,10,0.15,0.885864918999995,0.1792172626649664,-0.052818956831200484
E253,***钢结构工程有限公司,0.2462889868431552,0.11014016386597328,0.26831701961634985,B,是,10,0.15,0.885864918999995,0.18374630860555216,-0.05848026425693265
E243,***科技有限公司,0.263529584065479,0.09090257318469115,0.2817100987024172,B,是,10,0.15,0.885864918999995,0.19291802960351878,-0.06994491550439094
E212,***建电管理咨询有限公司,0.26474978520099907,0.09167396355554414,0.2830845779121079,B,是,10,0.15,0.885864918999995,0.193859287379104,-0.07112148772387245
E166,***建筑工程有限公司,0.24011793588289576,0.21966333653131032,0.2840506031891578,B,是,10,0.15,0.885864918999995,0.19452083161856887,-0.07194841802320355
E321,***生物流有限公司,0.2532820291271369,0.16531240960136284,0.28634451104740943,B,是,10,0.15,0.885864918999995,0.19609172377381742,-0.07391203321726429
E229,***家贸易有限公司,0.26216060856295204,0.12581083050018976,0.28732277466299,B,是,10,0.15,0.885864918999995,0.1967616489558393,-0.07474943969479163
E341,***纺织品有限公司,0.25475579379932556,0.18693129400240152,0.29214205259980586,B,是,10,0.15,0.885864918999995,0.2000619410219194,-0.07887480477739175
E214,***建筑工程有限公司,0.2791841778528109,0.08933431458078238,0.2970510407689674,B,是,10,0.15,0.885864918999995,0.20342366759581132,-0.08307696299475659
E201,***物流有限责任公司,0.2771803030014988,0.10131541692966758,0.29744338638743234,B,是,10,0.15,0.885864918999995,0.2036923499894723,-0.08341281598683284
E410,***网络科技有限公司,0.2742949247011794,0.14340744933401725,0.30297641456798285,B,是,10,0.15,0.885864918999995,0.20748142570684694,-0.08814916063355113
E304,***环保科技有限公司,0.275961560419576,0.13709964372880346,0.3033814891653367,B,是,10,0.15,0.885864918999995,0.20775882503872709,-0.08849590979840133
E314,***房地产营销策划有限公司,0.2825857972185971,0.1214225628311236,0.3068703097848218,B,是,10,0.15,0.885864918999995,0.21014800598272362,-0.09148238597839703
E250,***塑料厂,0.2826347138414904,0.12387878331744592,0.3074104705049796,B,是,10,0.15,0.885864918999995,0.210517913708013,-0.09194477063500875
E183,***建设工程有限公司,0.2845796548568974,0.11785465091611894,0.30815058504012116,B,是,10,0.15,0.885864918999995,0.211024751902519,-0.0925783183781412
E366,***房地产经纪有限公司,0.2683818868242666,0.20050843905597512,0.3084835746354616,B,是,10,0.15,0.885864918999995,0.21125278666913702,-0.09286336183641378
E255,个体经营E255 ,0.2914245291966236,0.08636765698859336,0.30869806059434224,B,是,10,0.15,0.885864918999995,0.21139966890287823,-0.09304696462859029
E348,***酒店管理有限公司,0.2801301605008014,0.14585953258866707,0.30930206701853485,B,是,10,0.15,0.885864918999995,0.21181329883577674,-0.0935640020447134
E359,***厨房用品经营部,0.27477444454975686,0.18064565655149545,0.31090357586005596,B,是,10,0.15,0.885864918999995,0.21291002888387214,-0.09493491460483268
E306,个体经营E306 ,0.28966992964137706,0.11733462495231127,0.3131368546318393,B,是,10,0.15,0.885864918999995,0.21443940160495067,-0.09684663050618081
E256,***物资有限公司,0.29262916436413483,0.10302683125134479,0.31323453061440376,B,是,10,0.15,0.885864918999995,0.21450629114204117,-0.09693024242754393
E419,***科技有限公司,0.28142820639250465,0.16327093722486566,0.31408239383747777,B,是,10,0.15,0.885864918999995,0.215086916767896,-0.09765602445986246
E272,个体经营E272 ,0.2981195554540968,0.12221301609323444,0.3225621586727437,B,是,10,0.15,0.885864918999995,0.22089394864590042,-0.10491481430736802
E402,***商贸有限公司,0.2871888435048813,0.1839768705386933,0.3239842176126199,B,是,10,0.15,0.885864918999995,0.22186778951963776,-0.10613211539953968
E311,***律师事务所,0.2969727054776426,0.13719432957336766,0.32441157139231613,B,是,10,0.15,0.885864918999995,0.22216044586920547,-0.10649793583649932
E358,***五金经营部,0.2820531189570541,0.23866410972184982,0.32978594090142405,B,是,10,0.15,0.885864918999995,0.2258408704646814,-0.11109846658084425
E203,***建设工程有限公司,0.3199175284835116,0.08311377390076961,0.33654028326366553,B,是,10,0.15,0.885864918999995,0.2304663149403786,-0.1168802721754657
E186,***建筑劳务有限公司,0.3104559459020896,0.134989047309905,0.3374537553640706,B,是,10,0.15,0.885864918999995,0.23109187021340444,-0.11766221626674803
E202,个体经营E202 ,0.3033896444326388,0.1716953684784114,0.3377287181283211,B,是,10,0.15,0.885864918999995,0.23128016759762277,-0.11789758799702094
E260,***广告有限公司,0.3153875602665219,0.11543527681048893,0.3384746156286197,B,是,10,0.15,0.885864918999995,0.23179096602730842,-0.11853608603412802
E226,***建设工程有限公司,0.3449842588140576,0.10201069698687101,0.3653863982114318,B,是,10,0.15,0.885864918999995,0.25022043693697116,-0.1415729246712064
E322,***装饰工程设计有限公司,0.34649283125195607,0.12971838337832725,0.3724365079276215,B,是,10,0.15,0.885864918999995,0.25504842599806854,-0.14760791099757817
E343,***五金工具经营部,0.33429592619235793,0.1935637551980936,0.37300867723197667,B,是,10,0.15,0.885864918999995,0.2554402535374583,-0.1480976954218154
E282,***影城有限公司***分公司,0.3301175477652343,0.23181483459994326,0.3764805146852229,B,是,10,0.15,0.885864918999995,0.257817804231129,-0.1510696337889037
E393,***商贸有限责任公司,0.3468342897986742,0.16331245297921287,0.3794967803945168,B,是,10,0.15,0.885864918999995,0.25988337461741573,-0.15365159677176218
E313,***物流有限公司,0.3614629791688883,0.12056500862716153,0.3855759808943206,B,是,10,0.15,0.885864918999995,0.264046474866178,-0.158855472082715
E292,***物流有限公司,0.3680080066792671,0.15007352916878386,0.39802271251302385,B,是,10,0.15,0.885864918999995,0.27257012719509416,-0.16951003749386015
E271,***科技有限公司,0.3682720200048356,0.17105074065890682,0.40248216813661697,B,是,10,0.15,0.885864918999995,0.2756240091679825,-0.1733273899599706
E294,个体经营E294 ,0.3806652898875606,0.11924565355382197,0.404514420598325,B,是,10,0.15,0.885864918999995,0.27701571696395955,-0.17506702470494187
E382,***教育信息咨询有限公司***分公司,0.36943818098293435,0.18865399507608813,0.407168979998152,B,是,10,0.15,0.885864918999995,0.278833587076671,-0.17733936234583123
E388,***商贸有限公司,0.3774717926161663,0.16557260703088408,0.41058631402234314,B,是,10,0.15,0.885864918999995,0.28117381325060176,-0.18026464506324472
E280,个体经营E280 ,0.3876056489394983,0.1271858644223091,0.4130428218239601,B,是,10,0.15,0.885864918999995,0.28285605555209,-0.18236744794010495
E370,***设计服务部,0.3855706610586771,0.1468702940621027,0.41494471987109766,B,是,10,0.15,0.885864918999995,0.28415849527807274,-0.1839954975975834
E389,***清洁服务有限公司,0.3678042087654977,0.2521692546394937,0.41823805969339645,B,是,10,0.15,0.885864918999995,0.2864138089223444,-0.18681463965292303
E305,***劳务有限公司,0.396330297249948,0.12762704661907265,0.42185570657376253,B,是,10,0.15,0.885864918999995,0.28889121144066443,-0.18991139280082298
E324,***汽贸有限公司,0.38238761684490863,0.2121200507420771,0.42481162699332403,B,是,10,0.15,0.885864918999995,0.2909154567397617,-0.19244169942469466
E283,***机械铸造有限责任公司,0.39969381352869493,0.1345553228609862,0.42660487810089215,B,是,10,0.15,0.885864918999995,0.2921434939022556,-0.19397674587781194
E231,***建筑科技有限公司,0.3964395938484414,0.1547755853183353,0.42739471091210846,B,是,10,0.15,0.885864918999995,0.29268437969356337,-0.1946528531169467
E308,***餐饮文化服务有限公司,0.39226353476311276,0.2368067198425901,0.4396248787316308,C,是,10,0.15,0.895164738662031,0.2765291343150208,-0.18840852588682247
E276,***体育设施工程有限公司,0.4201971218858443,0.12294851427909873,0.44478682474166403,C,是,10,0.15,0.895164738662031,0.27977605806886674,-0.19246718057912982
E357,***家居经营部,0.41876531130414085,0.1830530572045156,0.45537592274504396,C,是,10,0.15,0.895164738662031,0.2864367232079729,-0.20079301200301264
E239,个体经营E239 ,0.43516785050021933,0.11507464636218798,0.4581827797726569,C,是,10,0.15,0.895164738662031,0.28820226874814164,-0.20299994392822351
E252,***印务有限公司,0.44077573601976805,0.09541346428327274,0.4598584288764226,C,是,10,0.15,0.895164738662031,0.2892562714183657,-0.2043174472660035
E215,***建筑工程有限公司,0.4424270189188631,0.09744745328728373,0.46191650957631986,C,是,10,0.15,0.895164738662031,0.29055082798653586,-0.20593564297621625
E248,***智能科技有限公司,0.440475147229095,0.1087809567836304,0.46223133858582105,C,是,10,0.15,0.895164738662031,0.29074885907546283,-0.20618318183737497
E270,个体经营E270 ,0.44541046806503476,0.12275311079278368,0.4699610902235915,C,是,10,0.15,0.895164738662031,0.2956109622736024,-0.21226081083504947
E245,***建筑劳务有限公司,0.4709529528505107,0.10817536986440152,0.492588026823391,C,是,10,0.15,0.895164738662031,0.3098435671439082,-0.23005156692293166
E344,***机械有限公司,0.4701642877566563,0.1240296008172308,0.4949702079201025,C,是,10,0.15,0.895164738662031,0.3113419866108769,-0.2319245912566426
E352,***居装饰工程有限公司,0.4730487011952921,0.13797207959880517,0.5006431171150532,C,是,10,0.15,0.895164738662031,0.31491031211887227,-0.23638499814163683
E318,***商贸有限公司,0.46995774198787493,0.15841562004620838,0.5016408659971167,C,是,10,0.15,0.895164738662031,0.31553790770767703,-0.23716949262764273
E328,***科技有限公司,0.4750885847560123,0.13780563853695962,0.5026497124634042,C,是,10,0.15,0.895164738662031,0.31617248380533586,-0.23796271274971623
E340,***物流有限公司,0.45280053123232084,0.2564438357186308,0.504089298376047,C,是,10,0.15,0.895164738662031,0.31707799999755804,-0.23909460798999402
E293,***物资有限公司,0.4618034283172091,0.21999751089954253,0.5058029304971177,C,是,10,0.15,0.895164738662031,0.3181558944250556,-0.24044197602436587
E266,***煤矿机械有限公司,0.4810883381651183,0.12525544813425002,0.5061394277919683,C,是,10,0.15,0.895164738662031,0.3183675551161267,-0.24070655188820478
E346,个体经营E346 ,0.479382224366378,0.13497870987589364,0.5063779663415567,C,是,10,0.15,0.895164738662031,0.31851759862323836,-0.24089410627209443
E302,***机电设备有限公司,0.48466991022762,0.11833656665714275,0.5083372235590485,C,是,10,0.15,0.895164738662031,0.3197499940777827,-0.24243460059027477
E288,个体经营E288 ,0.4854633298262411,0.11498085042320658,0.5084594999108824,C,是,10,0.15,0.895164738662031,0.31982690731758245,-0.24253074214002443
E303,***图书发行有限公司,0.48730804266944966,0.11626416567658433,0.5105608758047665,C,是,10,0.15,0.895164738662031,0.3211486970636103,-0.24418297932255933
E210,***建筑工程有限公司,0.4881133547502744,0.12777849450739037,0.5136690536517525,C,是,10,0.15,0.895164738662031,0.3231037768848523,-0.24662682909911182
E421,***保温材料有限公司,0.4690110843172356,0.22646247651516813,0.5143035796202692,C,是,10,0.15,0.895164738662031,0.3235029010592633,-0.24712573431712556
E332,***商贸有限公司,0.4901980203801656,0.12356618644827562,0.5149112576698207,C,是,10,0.15,0.895164738662031,0.3238851375820679,-0.24760352997063123
E374,***建材经营部,0.46545460822171164,0.2571535561056669,0.516885319442845,C,是,10,0.15,0.895164738662031,0.3251268452733016,-0.24915566458467342
E378,***商贸有限公司,0.4889839569893681,0.15838352915323742,0.5206606628200156,C,是,10,0.15,0.895164738662031,0.32750157993081913,-0.2521240829065703
E254,***设备安装工程有限公司,0.49733979973600484,0.11741801597876855,0.5208234029317586,C,是,10,0.15,0.895164738662031,0.3276039453436876,-0.25225203967265586
E295,***电器设备制造有限公司,0.5010525348780737,0.11160415431137997,0.5233733657403496,C,是,10,0.15,0.895164738662031,0.32920790144833206,-0.25425698480346154
E251,***医疗器械有限责任公司,0.49354664165238915,0.15731247773176585,0.5250091371987423,C,是,10,0.15,0.895164738662031,0.3302368206183108,-0.25554313376593485
E300,***建设工程有限公司,0.49343764172218585,0.1739242841543066,0.5282224985530471,C,是,10,0.15,0.895164738662031,0.3322580620824221,-0.258069685596074
E420,***康药房,0.5013889148953269,0.16612959103203673,0.5346148331017342,C,是,10,0.15,0.895164738662031,0.33627891446025004,-0.263095751068359
E367,***电子商务有限公司,0.4977699099174506,0.18994778671674464,0.5357594672607996,C,是,10,0.15,0.895164738662031,0.336998902587462,-0.26399573622737393
E274,***建筑劳务有限公司,0.5009399882740522,0.1810437468342792,0.537148737640908,C,是,10,0.15,0.895164738662031,0.33787276972766855,-0.26508807015263214
E354,***广告有限公司,0.5132204795288497,0.13293494334564315,0.5398074681979784,C,是,10,0.15,0.895164738662031,0.3395451420043349,-0.26717853549846504
E284,***成焊科技有限公司,0.5146025358672239,0.12612354996237546,0.539827245859699,C,是,10,0.15,0.895164738662031,0.3395575823823457,-0.2671940859709785
E309,个体经营E309 ,0.5192962194534546,0.10967211017293071,0.5412306414880408,C,是,10,0.15,0.895164738662031,0.3404403344670924,-0.26829752607691193
E319,个体经营E319 ,0.5230975425918968,0.11904324220467506,0.5469061910328318,C,是,10,0.15,0.895164738662031,0.3440103207856809,-0.2727600089751475
E315,***轮胎有限公司,0.5252411104838072,0.11107601061622005,0.5474563126070512,C,是,10,0.15,0.895164738662031,0.34435635361968653,-0.2731925500176546
E334,***机械科技有限公司,0.5248976214403877,0.15807122908589258,0.5565118672575662,C,是,10,0.15,0.895164738662031,0.3500524022497686,-0.2803126108052571
E241,个体经营E241 ,0.5348746480773245,0.11868201171007914,0.5586110504193403,C,是,10,0.15,0.895164738662031,0.3513728127419337,-0.2819631239204636
E268,***建筑劳务有限公司,0.543883832950626,0.09407777126022676,0.5626993872026714,C,是,10,0.15,0.895164738662031,0.3539444238726426,-0.28517763783384964
E422,***童装店,0.523967553207572,0.19925179041911267,0.5638179112913946,C,是,10,0.15,0.895164738662031,0.3546479884635672,-0.2860570935725054
E262,个体经营E262 ,0.5480910884379959,0.08252919949333527,0.564596928336663,C,是,10,0.15,0.895164738662031,0.3551379991967319,-0.2866696069889613
E387,***农副产品经营部,0.5160176696564267,0.2492847637409737,0.5658746224046214,C,是,10,0.15,0.895164738662031,0.35594168354587824,-0.2876742124253942
E297,***建筑机械租赁有限公司,0.5297075643022641,0.19105661727353979,0.5679188877569721,C,是,10,0.15,0.895164738662031,0.3572275501006253,-0.289281545618828
E416,***科技有限公司,0.5255717035780286,0.2440135674264052,0.5743744170633097,C,是,10,0.15,0.895164738662031,0.3612881527120542,-0.29435729888311424
E381,***通信网络工程有限公司,0.5463310113770302,0.14061011179813157,0.5744530337366566,C,是,10,0.15,0.895164738662031,0.36133760350902927,-0.29441911237933305
E351,***文化传播有限公司,0.5389900218674811,0.19090050295918198,0.5771701224593175,C,是,10,0.15,0.895164738662031,0.36304668374694093,-0.29655546267672256
E391,***五金店,0.5510156205784298,0.15169370371535193,0.5813543613215002,C,是,10,0.15,0.895164738662031,0.3656786183946454,-0.2998453809863531
E240,个体经营E240 ,0.5302913778298963,0.27383390956481857,0.58505815974286,C,是,10,0.15,0.895164738662031,0.36800835044732383,-0.3027575460522013
E263,***通信工程有限公司,0.5692934789436717,0.07938289595672426,0.5851700581350165,C,是,10,0.15,0.895164738662031,0.368078735830434,-0.302845527781089
E411,***机电设备有限公司,0.5638562472420346,0.16272547354156133,0.5964013419503469,C,是,10,0.15,0.895164738662031,0.37514334327408033,-0.3116762870856469
E423,***通风设备有限公司,0.5725352979951761,0.153417420616022,0.6032187821183805,C,是,10,0.15,0.895164738662031,0.37943159200411103,-0.3170365979981852
E244,个体经营E244 ,0.5852181795089774,0.09338639602292881,0.6038954587135631,C,是,10,0.15,0.895164738662031,0.37985722941029454,-0.31756864475591456
E290,***机电有限公司,0.5874882692245778,0.10564168805577268,0.6086166068357323,C,是,10,0.15,0.895164738662031,0.38282688619351174,-0.3212807157349361
E317,***科技有限公司,0.5819910831209348,0.13850008463185182,0.6096911000473052,C,是,10,0.15,0.895164738662031,0.3835027548533585,-0.3221255515597444
E337,个体经营E337 ,0.5887020500482947,0.11168330435249493,0.6110387109187937,C,是,10,0.15,0.895164738662031,0.38435041768072475,-0.32318513009395244
E364,***电子有限公司,0.5909612083850468,0.10846129798292241,0.6126534679816313,C,是,10,0.15,0.895164738662031,0.3853661185528043,-0.32445475618405173
E257,***门窗安装有限公司,0.5924802687146288,0.108226445413525,0.6141255577973338,C,是,10,0.15,0.895164738662031,0.38629208007605703,-0.32561220808811775
E392,***科技有限公司,0.5942748870646056,0.11745133582698775,0.6177651542300032,C,是,10,0.15,0.895164738662031,0.38858142833515885,-0.32847389341199507
E333,***房地产营销策划有限公司,0.5932231886212062,0.1278849721115754,0.6188001830435212,C,是,10,0.15,0.895164738662031,0.3892324734321038,-0.32928769978317624
E285,个体经营E285 ,0.6005985185574841,0.10580585664868791,0.6217596898872217,C,是,10,0.15,0.895164738662031,0.3910940374724489,-0.33161465483360764
E279,***环保包装有限公司,0.587806468956793,0.17000049571841458,0.621806568100476,C,是,10,0.15,0.895164738662031,0.3911235244108743,-0.33165151350663935
E247,***石化有限公司,0.5983505511450511,0.12375072244002772,0.6231006956330566,C,是,10,0.15,0.895164738662031,0.3919375455993708,-0.33266903999225994
E339,***居益卫浴家俬厂,0.5987545342503531,0.13431068077211233,0.6256166704047755,C,是,10,0.15,0.895164738662031,0.39352012283564813,-0.33464726153760666
E335,***挖掘机租赁经营部,0.5945223774129571,0.18094269464240567,0.6307109163414383,C,是,10,0.15,0.895164738662031,0.3967244624601877,-0.33865268606828103
E409,***塑胶有限公司,0.5994427761773733,0.16449134469243984,0.6323410451158613,C,是,10,0.15,0.895164738662031,0.39774983231667477,-0.33993439838888995
E287,***鞋材有限公司,0.6069559080573022,0.1273241680501437,0.6324207416673309,C,是,10,0.15,0.895164738662031,0.39779996236948106,-0.33999706095489773
E316,个体经营E316 ,0.6142329369726004,0.1104039981936547,0.6363137366113314,C,是,10,0.15,0.895164738662031,0.4002487012235312,-0.3430579845224604
E275,***网络工程有限公司,0.6116872383185057,0.16624918361022392,0.6449370750405504,C,是,10,0.15,0.895164738662031,0.4056728808505287,-0.3498382090562074
E350,***演艺设备有限公司,0.618852084678367,0.13393688492377534,0.6456394616631221,C,是,10,0.15,0.895164738662031,0.4061146901613544,-0.3503904706947394
E356,***建材装饰部,0.5952033583447233,0.2526067457469414,0.6457247074941116,C,是,10,0.15,0.895164738662031,0.40616831077517285,-0.35045749646201246
E278,***贸易有限公司,0.6313581537035378,0.09953155933727456,0.6512644655709927,C,是,10,0.15,0.895164738662031,0.4096528826896066,-0.3548132113550546
E296,***装饰设计工程有限公司,0.6231091528137291,0.1510957208790093,0.653328296989531,C,是,10,0.15,0.895164738662031,0.41095105652632646,-0.35643592865095447
E277,***消防设备制造有限公司,0.6269827780339333,0.15631991057012012,0.6582467601479574,C,是,10,0.15,0.895164738662031,0.41404482674989523,-0.36030314143041553
E264,个体经营E264 ,0.5950672488601864,0.33283289257765086,0.6616338273757165,C,是,10,0.15,0.895164738662031,0.4161753312178436,-0.36296627201535103
E307,***通信工程有限公司,0.6215679178699463,0.20122754262477588,0.6618134263949014,C,是,10,0.15,0.895164738662031,0.4162883010785174,-0.3631074843411931
E267,***林园艺场,0.6399819934421311,0.12284601393397868,0.6645511962289269,C,是,10,0.15,0.895164738662031,0.418010389974717,-0.3652600954614427
E320,***建筑设计有限公司,0.6298493670168648,0.18101322956028446,0.6660520129289217,C,是,10,0.15,0.895164738662031,0.4189544210405031,-0.3664401342936753
E329,***园艺有限责任公司,0.6454895257470451,0.12222414559264634,0.6699343548655744,D,否,0,0.15,0.895164738662031,0.0,-0.0
E327,个体经营E327 ,0.6396545356302235,0.15444172592596564,0.6705428808154166,D,否,0,0.15,0.895164738662031,0.0,-0.0
E338,***商贸有限公司,0.653702086018658,0.09607734900145329,0.6729175558189486,D,否,0,0.15,0.895164738662031,0.0,-0.0
E400,***办公用品经营部,0.6396439593893427,0.16684156861462351,0.6730122731122674,D,否,0,0.15,0.895164738662031,0.0,-0.0
E218,***建设工程有限公司,0.6435633523922533,0.15353512220151277,0.6742703768325559,D,否,0,0.15,0.895164738662031,0.0,-0.0
E372,***汽车维修有限责任公司,0.6569595526009977,0.11164794901366713,0.6792891424037312,D,否,0,0.15,0.895164738662031,0.0,-0.0
E345,***科技有限公司,0.6594704319458321,0.10482729295353684,0.6804358905365395,D,否,0,0.15,0.895164738662031,0.0,-0.0
E326,***包装材料有限公司,0.660978876136106,0.11642124099337105,0.6842631243347802,D,否,0,0.15,0.895164738662031,0.0,-0.0
E373,个体经营E373 ,0.6553215725193053,0.16029745807728918,0.6873810641347632,D,否,0,0.15,0.895164738662031,0.0,-0.0
E353,***税务师事务所有限公司,0.6660907242721037,0.11427969508792732,0.6889466632896891,D,否,0,0.15,0.895164738662031,0.0,-0.0
E412,***汽车贸易有限公司,0.6712714442446484,0.11710055530489617,0.6946915553056275,D,否,0,0.15,0.895164738662031,0.0,-0.0
E336,***猕猴桃专业合作社,0.6584392556403469,0.19509410546198058,0.697458076732743,D,否,0,0.15,0.895164738662031,0.0,-0.0
E298,***电器维护服务有限公司,0.6762502231033226,0.10678019430611455,0.6976062619645456,D,否,0,0.15,0.895164738662031,0.0,-0.0
E365,***信息技术有限公司,0.6601517359269578,0.19726145094763806,0.6996040261164853,D,否,0,0.15,0.895164738662031,0.0,-0.0
E407,***装饰工程有限公司,0.671643506035012,0.1499625303991869,0.7016360121148494,D,否,0,0.15,0.895164738662031,0.0,-0.0
E383,***通讯器材经营部,0.6895246747764749,0.1896348800832206,0.727451650793119,D,否,0,0.15,0.895164738662031,0.0,-0.0
E233,***劳务有限公司,0.7040909336918776,0.16286125719593955,0.7366631851310655,D,否,0,0.15,0.895164738662031,0.0,-0.0
E286,***印务有限公司,0.7229563956885224,0.11058371489065108,0.7450731386666527,D,否,0,0.15,0.895164738662031,0.0,-0.0
E398,***医疗管理咨询有限公司,0.729073759401192,0.1289581342954295,0.7548653862602779,D,否,0,0.15,0.895164738662031,0.0,-0.0
E192,***建设工程有限公司,0.7310326658931177,0.14038400430393824,0.7591094667539053,D,否,0,0.15,0.895164738662031,0.0,-0.0
E399,***装饰工程有限公司,0.7419201191955473,0.10220350257409935,0.7623608197103672,D,否,0,0.15,0.895164738662031,0.0,-0.0
E349,***营销策划广告有限公司,0.7508346311435142,0.11601491198158821,0.7740376135398319,D,否,0,0.15,0.895164738662031,0.0,-0.0
E236,个体经营E236 ,0.755219769681504,0.1132930544362484,0.7778783805687536,D,否,0,0.15,0.895164738662031,0.0,-0.0
E323,***建筑装饰工程有限公司,0.7584857647371205,0.13334521269972666,0.7851548072770658,D,否,0,0.15,0.895164738662031,0.0,-0.0
E331,***广告有限公司,0.7820286164325317,0.07313294127059887,0.7966552046866515,D,否,0,0.15,0.895164738662031,0.0,-0.0
E361,***勘察设计工程有限公司,0.7808199731419742,0.083501601656776,0.7975202934733293,D,否,0,0.15,0.895164738662031,0.0,-0.0
E249,***建筑工程有限公司,0.7759827769655414,0.11290705912157235,0.7985641887898559,D,否,0,0.15,0.895164738662031,0.0,-0.0
E269,***节能服务有限公司,0.7808205144424348,0.12346402886184896,0.8055133202148046,D,否,0,0.15,0.895164738662031,0.0,-0.0
E291,***文业建设工程有限公司,0.7822181318943611,0.1182253448506655,0.8058632008644941,D,否,0,0.15,0.895164738662031,0.0,-0.0
E386,个体经营E386 ,0.7896267350917202,0.09407573579969526,0.8084418822516592,D,否,0,0.15,0.895164738662031,0.0,-0.0
E360,***建筑劳务有限公司,0.7692998715414853,0.1983823659995067,0.8089763447413866,D,否,0,0.15,0.895164738662031,0.0,-0.0
E369,***网络技术有限公司,0.7994161066881242,0.06790811899952597,0.8129977304880295,D,否,0,0.15,0.895164738662031,0.0,-0.0
E424,***贸易有限公司,0.7875123593595524,0.13839023401192585,0.8151904061619376,D,否,0,0.15,0.895164738662031,0.0,-0.0
E380,***建材有限公司,0.7718189164101323,0.2457663868453056,0.8209721937791935,D,否,0,0.15,0.895164738662031,0.0,-0.0
E342,***裕华机械厂,0.8102417466150253,0.07574019792940706,0.8253897862009067,D,否,0,0.15,0.895164738662031,0.0,-0.0
E376,***建筑装饰设计有限责任公司,0.822791633509276,0.13752078431372092,0.8502957903720202,D,否,0,0.15,0.895164738662031,0.0,-0.0
E384,个体经营E384 ,0.837103041973496,0.0666890691786728,0.8504408558092306,D,否,0,0.15,0.895164738662031,0.0,-0.0
E417,***园林景观工程有限公司,0.830721122768149,0.12122723696327113,0.8549665701608032,D,否,0,0.15,0.895164738662031,0.0,-0.0
E347,***不锈钢材料有限公司,0.8386646597150067,0.08823854196087944,0.8563123681071826,D,否,0,0.15,0.895164738662031,0.0,-0.0
E394,***环保设计研究院（有限合伙）,0.8475927342417208,0.06192304693476237,0.8599773436286733,D,否,0,0.15,0.895164738662031,0.0,-0.0
E408,***空调制冷有限责任公司,0.8492249127450335,0.058842042679990963,0.8609933212810317,D,否,0,0.15,0.895164738662031,0.0,-0.0
E396,***文化传播有限公司,0.8527765858292359,0.05921930022867422,0.8646204458749707,D,否,0,0.15,0.895164738662031,0.0,-0.0
E413,***石材工艺品有限公司,0.8482788163788054,0.0894654417304532,0.866171904724896,D,否,0,0.15,0.895164738662031,0.0,-0.0
E363,***建筑工程设计有限公司,0.8520377473095332,0.08548341199296465,0.8691344297081262,D,否,0,0.15,0.895164738662031,0.0,-0.0
E379,***药业有限公司,0.8573877793678075,0.07109309687857124,0.8716063987435217,D,否,0,0.15,0.895164738662031,0.0,-0.0
E403,***机械有限公司,0.8611635564292881,0.05714903560052598,0.8725933635493933,D,否,0,0.15,0.895164738662031,0.0,-0.0
E377,***文化传播有限公司,0.8661000991231758,0.05585960738956233,0.8772720206010882,D,否,0,0.15,0.895164738662031,0.0,-0.0
E397,***大闸蟹经营部,0.856416496178962,0.10917243239275017,0.878250982657512,D,否,0,0.15,0.895164738662031,0.0,-0.0
E406,***招投标代理有限公司,0.866599101325263,0.06372711566566552,0.8793445244583961,D,否,0,0.15,0.895164738662031,0.0,-0.0
E390,***建筑工程有限公司,0.8656716554756552,0.08179318457440339,0.8820302923905359,D,否,0,0.15,0.895164738662031,0.0,-0.0
E395,***网络科技有限公司,0.8773218648310446,0.08137903296876933,0.8935976714247984,D,否,0,0.15,0.895164738662031,0.0,-0.0
E362,***建材有限公司,0.8689374533798533,0.12555855615291858,0.894049164610437,D,否,0,0.15,0.895164738662031,0.0,-0.0
E368,***通信科技有限责任公司,0.9068755704279192,0.05104259198626209,0.9170840888251717,D,否,0,0.15,0.895164738662031,0.0,-0.0
E418,***营销策划有限公司,0.9046382692475687,0.07510183249984761,0.9196586357475383,D,否,0,0.15,0.895164738662031,0.0,-0.0
E371,***自动化科技有限公司,0.9152355842148866,0.05914431563116437,0.9270644473411195,D,否,0,0.15,0.895164738662031,0.0,-0.0
E242,个体经营E242 ,0.9216026804622626,0.12236390426983089,0.9460754613162288,D,否,0,0.15,0.895164738662031,0.0,-0.0
E414,***物流有限责任公司***分公司,0.9397275213315845,0.05671100796281234,0.951069722924147,D,否,0,0.15,0.895164738662031,0.0,-0.0
E385,***装饰工程有限公司,0.9439088530944861,0.05335303051823519,0.9545794591981331,D,否,0,0.15,0.895164738662031,0.0,-0.0
E425,***商贸有限公司,0.9488611557184716,0.05209102037874927,0.9592793597942215,D,否,0,0.15,0.895164738662031,0.0,-0.0
E405,***职业技能服务有限公司,0.9716934754198931,0.03732757036157477,0.9791589894922081,D,否,0,0.15,0.895164738662031,0.0,-0.0
E404,个体经营E404 ,0.9762218849988406,0.01932801795644869,0.9800874885901303,D,否,0,0.15,0.895164738662031,0.0,-0.0
E401,***遮阳技术发展中心,0.9760594439773458,0.032046546739190884,0.9824687533251839,D,否,0,0.15,0.895164738662031,0.0,-0.0
E217,个体经营E217 ,0.9778584016150489,0.04016120007768676,0.9858906416305863,D,否,0,0.15,0.895164738662031,0.0,-0.0
