情景编号,问题2原方案损失_万元,问题3调整方案损失_万元
1,115.30297786566086,98.90658967015537
2,114.47003576870108,98.18424788159243
3,111.45229688519966,95.50183827782546
4,112.17086231433697,96.12708135457963
5,110.63612835396916,94.82744639783084
6,114.4382700821137,98.16199034944918
7,110.98519813402075,95.16421422763355
8,110.0388364277928,94.34968516141973
9,112.37930395025394,96.36643526059015
10,113.59155054137739,97.35903819260186
11,118.43286976934333,101.44444197581802
12,110.32082610206253,94.53438929580685
13,119.87042775209763,102.5969548324846
14,111.73809120308087,95.74354724149251
15,114.41609901691334,98.0761429682357
16,112.52423830909837,96.39655734451864
17,113.63781281637293,97.44341679308295
18,111.37656613080526,95.46958906026977
19,110.54756784626456,94.67547056237888
20,112.43577744054267,96.31273593941916
21,115.68778955164397,99.21958351601117
22,117.8835544693772,100.94528778342126
23,116.23934702814965,99.37396431575851
24,110.01345459014306,94.32894427806413
25,111.11444687147272,95.1513519711662
26,111.33829484838249,95.42303751892366
27,112.84560066780939,96.69383789295128
28,111.17001310903876,95.22702080640332
29,112.04360113615988,96.03027869480906
30,113.24819308493524,97.09296585069438
31,111.03957117590721,95.20734403117436
32,115.20330277901283,98.71421572400439
33,117.26460022307063,100.4124469887832
34,111.96778828259124,96.01211984617856
35,113.88690726363795,97.5424014279351
36,113.12014159667565,96.96308089614013
37,109.96337963727333,94.0879419966499
38,116.19278743144277,99.75532247455206
39,117.30048617085531,100.46090308032132
40,118.95090320311786,101.74285286765814
41,116.09425214962076,99.30353834688646
42,110.6505062297079,94.8086171510364
43,116.00368632871321,99.30100807428374
44,110.50199182267568,94.6364421482258
45,111.13541824667988,95.17829792431982
46,112.89799205413158,96.72728004688624
47,113.41907276172134,97.26136273719669
48,121.9610302772298,104.44853642799224
49,110.17770169327773,94.34360470401924
50,111.44067493254484,95.57032867977074
51,114.51627989443548,98.18364975928759
52,113.74849766495385,97.5140684113621
53,113.53647102274178,97.27362991419446
54,113.58767587673856,97.3424369934443
55,114.02892351135179,97.70219214898425
56,113.13143429293754,96.9529443110965
57,110.03833381633532,94.25785069680697
58,117.80801521758951,100.82781061926525
59,110.77018730019182,95.00903628305983
60,116.70235998110981,100.1483589545766
61,110.0278524099582,94.24492692072982
62,110.36118540629784,94.5284093239106
63,120.38910370354176,103.0065591701217
64,107.78377957494479,92.398296620582
65,108.70654021231542,93.21098449529569
66,115.46385862077926,99.0946842934929
67,115.37869211691103,99.02005236395958
68,111.80853166708187,95.86083377298347
69,112.05466393003245,96.06421945156684
70,108.94223122470133,93.31536421923197
71,112.18459639683655,96.04827724414613
72,112.12547797577577,96.07317182221442
73,115.15828062132468,98.7572498741132
74,112.59646785944096,96.43425393145877
75,112.4225634153775,96.32228038324297
76,109.9722037929345,94.20370154067973
77,109.53778335973898,93.96609095433493
78,113.02386612422613,96.87954445701298
79,111.93632953429199,95.90379002017156
80,110.5142752221669,94.69438226082104
81,114.28030285497168,97.97445116634977
82,112.87047974899059,96.69924532360326
83,112.42558387698516,96.36896454723718
84,111.63930285299828,95.65781538080859
85,113.85913507535324,97.64879918602527
86,109.18378641354343,93.66594479949376
87,109.86530285559283,94.09819748904633
88,112.66451615091799,96.51518423987122
89,117.33352023324889,100.7027985003024
90,113.53179800512041,97.25834037295884
91,114.230826381292,97.8050380828767
92,114.29914299319807,97.9837060522173
93,112.57628335379457,96.50854844094252
94,112.27071173399509,96.09378505858291
95,112.12510139118864,96.06870224940431
96,117.59528293704642,100.89638070211804
97,114.02559213305443,97.70235799783356
98,115.0570081643433,98.73384370755608
99,118.7992143248555,101.90763729211002
100,115.93166371669966,99.49178465276283
101,114.65086484356867,98.07972999430277
102,111.1965051078535,95.20688232747962
103,117.1947789091861,100.21768566486863
104,108.77289366818079,93.21141887807659
105,109.11443941528378,93.60291568736315
106,112.91336187713641,96.7858391936264
107,113.46750981756459,97.26240827697364
108,112.73631689495296,96.62722640126015
109,112.64573424824331,96.48734843713359
110,112.3677116377087,96.31969490492042
111,119.40783518121435,102.19957086579448
112,112.02119969302981,96.0042076811236
113,113.07851076174887,96.71008065785549
114,111.5298795218554,95.63449899112254
115,114.95589829044569,98.6662183384109
116,113.76873726173109,97.40071686578707
117,109.22478709442284,93.67554624393108
118,113.17403827187165,97.02839682333317
119,113.53908232321525,97.25235651869077
120,109.6534875442798,93.94305851922297
121,113.84497720845457,97.37705508416174
122,116.64594896003901,99.78535962937244
123,112.38965004394815,96.31963971128611
124,112.04243941845053,96.05494108473559
125,113.48335708983466,97.30169964907186
126,117.8407644598333,100.88920710641762
127,119.1115557776285,101.98361061457135
128,113.55684287493281,97.31103620141576
129,109.79565293328734,94.23827144503039
130,111.5473485232027,95.56213333778635
131,111.68969118271451,95.67922054125225
132,112.69669764364197,96.60731714665503
133,114.3179270965412,97.89167861854155
134,114.71916768780225,98.38020249671115
135,111.67976750091559,95.76034317683308
136,110.68027980523308,94.82232558579192
137,112.86030739802078,96.72494881805376
138,114.29623568461133,97.96614877364456
139,112.85071381040247,96.68130997923622
140,111.89324509308562,95.85220075241878
141,115.72430331755321,99.40778858141499
142,115.30460577896288,98.91832857672799
143,113.02202593797642,96.85753228969713
144,111.72320642276667,95.73835604082328
145,111.54855861428395,95.62411280594497
146,111.87431910714892,95.84962855971476
147,112.76352602847835,96.60483209485432
148,114.90280284583602,98.47445916507608
149,122.04006075682636,104.65108130477607
150,115.4340810743646,99.1258026565647
151,111.8189267843804,95.65678764068687
152,112.62830607561386,96.508874119258
153,110.81821080915208,94.86046902816247
154,110.34426677166485,94.54278360245932
155,111.7292129614898,95.75738771492632
156,111.38391354837822,95.48879190066731
157,117.39307454206487,100.71175904758391
158,116.47038160277333,100.01022713687685
159,113.97632123936602,97.51325465028742
160,110.81040873985731,95.00902027031712
161,113.49886039063546,97.33736023336425
162,111.96715024413025,95.92725218573833
163,112.1755319445132,96.14340273399941
164,121.82847672244277,104.22871768983495
165,112.96657716701404,96.77022017192891
166,113.74141020778043,97.46978672793378
167,111.82296455046452,95.87265251143765
168,112.5697471767285,96.50931558736946
169,113.8730175439938,97.49374289408556
170,115.80427309489694,99.1150444613105
171,111.86107602637617,95.77320150761462
172,114.08027714383894,97.8006675581764
173,112.17780357465094,96.17227504562476
174,115.40090163656427,98.72725705202348
175,115.2779442360156,98.71714112971944
176,111.30151400272035,95.34472518487036
177,112.85054330498365,96.76786095045802
178,112.62200275218203,96.4854749360214
179,111.5351481227095,95.75146316627001
180,113.3578578830337,97.1847253185553
181,115.79044574076632,99.38628771034459
182,112.20020177624455,96.14790265033653
183,111.79154674290834,95.8716002575022
184,114.14514229667637,97.81366588256661
185,108.65440022567944,93.13260388562449
186,111.97020030040052,95.85209512603772
187,117.04084359677938,100.34235358623748
188,109.63133197242524,94.00821445835271
189,123.40052586985202,105.78760445679248
190,114.18400027392329,97.83936205512225
191,108.37196185125956,92.86382484985884
192,112.28435463228953,96.18924646023657
193,111.39574555079817,95.45823944959204
194,113.42202700166283,97.40205622150731
195,111.39823193760131,95.47768453011318
196,115.54867270942266,98.96936216246866
197,111.04508796577556,95.12825703543083
198,113.97463718653765,97.70268693909647
199,112.59651803443053,96.47868635926604
200,116.19892066636791,99.52002625294072
201,111.649828195884,95.65332994113392
202,111.91524032873713,95.9326673863645
203,110.87552383107935,95.10191222477124
204,118.82140258434102,101.7207915562718
205,112.83913403157138,96.70037753261128
206,113.28511206399143,97.06581525254451
207,114.27860032760461,98.02103506788546
208,113.53722084399737,97.3141318999357
209,112.90908702425618,96.6933629206967
210,111.91196986499924,95.94138492290122
211,110.27302048851811,94.56592372053007
212,119.29190937376715,102.11200389357634
213,114.64109524909655,98.36641558769401
214,112.53932548406704,96.46517995789638
215,120.5765597828919,103.16216341101581
216,114.72331805535107,98.48678293530241
217,116.15519067134954,99.53779670816184
218,112.5501162846347,96.68386506098254
219,111.65293039209496,95.68879053065109
220,119.57006038131624,102.29305347034368
221,111.49775426302539,95.49314523577834
222,109.51342969688619,93.77574429134062
223,113.30253511186483,97.13359263955776
224,114.41889374935135,98.05771746636302
225,111.54692695556352,95.62585778292522
226,117.66330897639162,101.04163860891032
227,111.19673633181137,95.33848263654448
228,111.78289465861057,95.76162720910719
229,112.06771556836253,96.01928652402935
230,113.1795297957919,97.01920359434875
231,109.81227341345243,94.22122882137407
232,118.16912244515245,101.3332449654374
233,111.19194263244557,95.24473672371563
234,108.65271540358538,93.16599503510902
235,109.70545749008333,94.0538935719704
236,110.70866535631885,94.9464689889461
237,113.16543660820383,96.94389645188485
238,113.31312708676064,97.13939192485347
239,107.34370758912881,91.99541593801932
240,110.8165472975445,94.96596922025255
241,112.43897651651828,96.4183941303732
242,118.20411735124713,101.38618971598905
243,111.22550790194288,95.34085132533843
244,116.98780469718358,100.22406585758726
245,111.6087956512075,95.86676204489245
246,121.2471789832598,103.76838697030703
247,114.22815321091537,97.9132068804522
248,112.31101360898879,96.19479147215527
249,110.16373973612619,94.53873708597094
250,113.75001609332558,97.51534235515106
251,113.08462749299107,96.75581157359014
252,117.51589966383425,100.58370464648578
253,116.09553681848948,99.687756662847
254,112.19174835001552,96.25898422657224
255,116.48634079839394,99.99104782106657
256,116.65133458411029,99.84807035782748
257,110.42970205798143,94.78891554678225
258,114.36456079265018,97.98077229884586
259,113.1008566514071,96.83471603154243
260,112.48830195313366,96.40343699605609
261,110.96463689962886,95.04727165969828
262,109.53602003113943,93.84417792102496
263,111.47650206151263,95.53965713103592
264,111.4085326709972,95.50752187598542
265,111.7918575441314,95.85925507261571
266,109.89500247147785,94.14818463150107
267,112.15668172312022,96.18155331582791
268,109.71108246721782,93.95414179987854
269,122.80349198842632,105.28714911772633
270,111.83085577623783,95.82910757228278
271,111.42689845447363,95.46512345200011
272,108.95846762025468,93.48255873817351
273,114.24114832211507,97.98967762866218
274,119.01925244967119,102.0569544774313
275,111.69046354488395,95.74990979023224
276,113.7257655800159,97.47215477405443
277,109.49128870999678,93.98272821124677
278,112.03097370661449,96.03082834561212
279,112.89602049849421,96.74481659421971
280,111.12621982146538,95.25869289630671
281,114.01264910196132,97.7615357819929
282,115.51840660232455,98.95434252724532
283,116.45705529667961,100.06877369347576
284,115.5788758698671,98.90544446659209
285,108.97612801976103,93.32910491042512
286,112.76028902649118,96.74199480144144
287,112.10102180589473,96.08938534810488
288,111.62789452597511,95.60847235055581
289,111.74532928358796,95.6464023311849
290,109.61752282013559,93.90395727695523
291,113.06149180367404,96.91323418942132
292,111.24116605448077,95.3025654837561
293,115.11037243779413,98.73275504390331
294,110.83375932643881,94.86584434267823
295,114.0324455719872,97.76311500704398
296,114.75080644038167,98.43601866614878
297,118.074587492149,101.14584997612641
298,113.78607866217698,97.60130820495979
299,111.96050533468386,95.9891877351749
300,110.30126227737159,94.57938026917407
301,109.89896938649287,94.26564541465456
302,112.88283674725676,96.71491598800746
303,111.42514795718927,95.46649185434418
304,109.31162106696493,93.67400672027088
305,114.67570622233049,98.56494322559904
306,114.22604319704763,97.82731843621593
307,111.9169411106937,95.92317002981204
308,111.45989692249674,95.53844752771246
309,111.57332659654529,95.70098134648794
310,112.130080124419,96.08521909087577
311,112.4832500537589,96.23788110771446
312,112.55602098096726,96.39265869912465
313,110.44374985930497,94.70917845216816
314,111.46722703864882,95.51382234750847
315,109.76594099105989,94.1597334775611
316,110.7603311802684,94.89017819902519
317,112.48506515396258,96.43327920098812
318,112.2970137897873,96.12630858410188
319,115.78781799799438,99.37719359927834
320,109.89874409071473,94.27571771059726
321,112.51940700617895,96.61906113250956
322,114.40054583213679,98.1228976276285
323,113.55628691686195,97.3107809367841
324,114.52501702827784,98.25606320154304
325,111.73303108416125,95.80569670074222
326,111.85772247647367,96.01217615219873
327,121.18572131994367,103.95542094697824
328,115.33330964777286,98.8820716771862
329,111.20562222339527,95.21758153583926
330,112.57275171572161,96.53746743663154
331,118.39405035284,101.31737307397304
332,110.45564086191254,94.63795647130743
333,114.41108073011118,98.07062762332941
334,113.02359043526467,96.8694328296379
335,112.89824542874183,96.68419485302704
336,111.76550743074259,95.81775514416121
337,118.85697373034188,101.78815915795612
338,110.63985447280547,94.9118616899811
339,113.02720992868811,96.88048138592448
340,113.35491316137993,97.20827843038839
341,113.16563262163547,97.01284345359394
342,114.11638145657187,97.86525029193065
343,114.18256239800075,97.78748405120794
344,113.19037798909355,97.06496809201013
345,115.67942646850358,99.08673504392914
346,119.49196343537102,102.57193406428196
347,113.66394380209752,97.55163400510098
348,109.41177631615909,93.73918296929759
349,111.39067059092757,95.3583313801777
350,115.48937157823727,98.95211511290688
351,113.12430225734346,97.04432857023235
352,117.17311785097858,100.42670998153203
353,114.27817512330734,98.1609683812334
354,113.77842149816641,97.4949441300573
355,110.85261026936138,95.15289619473648
356,110.30791153842864,94.56995982370225
357,112.82450299543703,96.88182601631124
358,112.51222480647564,96.46189229225085
359,121.11497353161559,103.72592049969391
360,112.79868345562579,96.66300626183909
361,110.49704603977663,94.73628277527165
362,109.62006180688164,94.07999614534626
363,109.64814376933572,94.03427351054385
364,113.75412905417947,97.75640232985903
365,109.23849749453393,93.70615659191422
366,112.83284193853723,96.62952417074504
367,113.21014253336523,97.07841214074594
368,113.18991340588003,96.9657027527097
369,108.70964367451317,93.29208239435977
370,115.88587902897667,99.23831254621058
371,116.52731594735778,99.76065279521853
372,111.69666965930097,95.65512038757137
373,114.68723390353054,98.39944016829455
374,113.55521970406949,97.34923250830681
375,119.03127774952392,101.98010165391021
376,112.37156089200401,96.31694926189483
377,113.02033065788073,96.87286203492945
378,113.29267988128126,97.135994256445
379,112.70329898891241,96.43667684154674
380,111.95843351950113,95.97708151873759
381,114.37710575005062,98.03498934486105
382,116.16051841831109,99.43431993708701
383,111.46926589099346,95.54275475768127
384,112.7088444974973,96.65678468421797
385,112.36141139183985,96.281250937406
386,112.90225647526887,96.76954532139344
387,117.88158528517009,100.85536142030597
388,107.68062744450425,92.27302930123841
389,107.87962037006432,92.47855424201362
390,110.36966842672697,94.5669618802621
391,114.00037632424232,97.8340599236632
392,113.4854518366094,97.0852593493022
393,113.33354267452505,97.10028491453156
394,113.6579117063352,97.45315172184061
395,113.73750669059423,97.52346973256189
396,118.79455711337113,101.69777647577517
397,110.01178281497961,94.36928040789192
398,112.63388589323407,96.57430319792114
399,119.07650930257017,102.0448863647353
400,112.02157167165663,96.05847870647227
401,113.32781712689825,97.0893187437619
402,111.14037207780304,95.19662475595352
403,116.66114934478851,99.8730622899783
404,111.61530818567073,95.70803440840702
405,109.45261247071946,93.78910645647842
406,112.41684690665407,96.5431640029982
407,109.61908389568386,94.02311975067714
408,111.56715857389938,95.61017766459233
409,111.68515911656809,95.75883350647395
410,112.65776058427429,96.55358234795288
411,112.13484575475808,96.15788844230472
412,115.12799771376712,98.52681907918576
413,116.76045385665842,100.12816188475945
414,117.03394437909984,100.23867708137735
415,118.52740524889231,101.53194491947167
416,113.05481550357962,96.84383862593702
417,111.72324416127532,95.73523715313593
418,114.30443772802968,98.02692407524007
419,109.58316411220957,93.94028432655068
420,110.93206184378333,94.94782125750748
421,112.70701026857978,96.6391030550488
422,112.17982895589309,96.17860527189063
423,112.32604940728038,96.29118118813108
424,112.65528759638762,96.53787821850923
425,112.4251153492326,96.35109006260849
426,114.99255469746889,98.49791254124018
427,117.22245955849363,100.2927985921406
428,111.00088832028088,95.12382960220708
429,111.3905415051787,95.48982838699942
430,112.2566851169506,96.16941809175847
431,113.51169467425248,97.18180525738556
432,110.17144504669429,94.30460101450261
433,116.06083433058626,99.32501456053011
434,112.38448446703173,96.31577372701764
435,113.29714879868149,97.07987727760516
436,111.13355327258097,95.28609547223101
437,109.98786310943362,94.2041968025373
438,115.79185790090108,99.41075734180285
439,112.69195461892679,96.54267794021408
440,114.47539304041635,98.20914918931538
441,107.77497768259073,92.37673228724938
442,111.33688084514671,95.46885305643025
443,114.58495740051343,98.24857249366877
444,112.4305021409275,96.36464050916263
445,111.73994405642817,95.75596603617055
446,112.7311357177105,96.65456809619266
447,111.9979738327349,95.91575429026283
448,110.94974304143143,95.09048596295605
449,120.03673100114756,102.89214658717566
450,114.98815966752123,98.74524250203609
451,107.94819597513009,92.49730145934844
452,115.26859806019645,98.70995575364913
453,112.57156162141487,96.52335722300336
454,112.85185942109104,96.78589904593079
455,113.17416847739943,97.03019273474636
456,112.51773304926306,96.38863386155158
457,110.1829559100174,94.51825693907412
458,113.93674780314598,97.65828761120201
459,113.01396269831233,96.84493984373967
460,121.05382628315554,103.7584550440792
461,112.53313839441623,96.55030019590106
462,119.49852951623406,102.13836695459962
463,110.42197005015507,94.65389988672607
464,114.79612778761972,98.26798364800564
465,106.81046510773866,91.5602793642246
466,116.54943319101962,99.72610692956404
467,111.28791232988362,95.26690202004522
468,107.92808631454216,92.49561664217326
469,117.90558034915874,100.90634873117403
470,112.38726661463903,96.34983969389702
471,112.88971398443068,96.72848146554756
472,113.43344358652658,97.26877203205585
473,110.76438959273497,94.77689691326465
474,108.80651719153238,93.31318317930254
475,112.2655057969709,96.2168005943015
476,116.70966742980102,99.77676317074373
477,115.5828690976965,98.83519150099613
478,113.10185515261,96.90768718358743
479,111.50722748389674,95.63240690889344
480,113.47447619157126,97.28903041944555
481,112.06673837357175,96.04118208840563
482,112.3359521846161,96.28628293248977
483,113.59125327077685,97.38840471707955
484,114.33857731940631,98.09530587770251
485,121.94037164611724,104.65140115608189
486,117.94656172501189,100.89387545342589
487,112.53571932689444,96.45500863758495
488,112.40745715125286,96.2015909082714
489,115.60336760581956,98.94231711936894
490,112.63945266445558,96.50738309851688
491,117.0485835592099,100.22670100643303
492,112.41622337786724,96.36148289395962
493,112.01048704216288,96.07274434200671
494,109.36144406573564,93.7656440383082
495,110.96862003556461,95.04612419282994
496,111.36806561181926,95.40957066306662
497,109.69470272101712,94.09794021496839
498,112.62857448509715,96.55208374279809
499,108.0884214951162,92.62295251433301
500,111.63793879741098,95.68244797410081
501,113.35805399789602,97.10960634790393
502,111.80008636091856,95.86429307793233
503,110.28098702940724,94.5534434562866
504,112.02191269227752,95.98054478048883
505,111.21236320046548,95.32660153770703
506,115.90189174545631,99.24296316199644
507,113.3823571414307,97.10833929445482
508,110.39827905959642,94.66289916670644
509,110.42025422434634,94.61275305941571
510,113.42376898544069,97.25081951891025
511,112.33773221365297,96.26565024568148
512,113.51219634575136,97.22636740525707
513,112.96617710674208,96.86436081072577
514,113.10032546124609,96.9995226707316
515,110.6385729009842,94.74215650302327
516,112.36958583184838,96.29056183217635
517,110.43105175287437,94.69416145917022
518,110.42493467954785,94.6514137284727
519,114.0176520261289,97.9189627065097
520,114.51548809843959,98.2755756661351
521,112.45045837306452,96.43344018684073
522,114.78265317172844,98.47306535743056
523,109.5658146434968,93.93007576216579
524,109.56424585985067,93.77734922567863
525,112.85287366856335,96.79605673098911
526,110.03469775918967,94.3291895778459
527,110.84648859155098,94.95272242800165
528,111.79844555477945,95.86047473448443
529,108.99051314227336,93.37050073777385
530,110.98004951707082,95.14912342769384
531,116.1970029740322,99.45094675713133
532,120.34776550891645,103.25737768453068
533,111.19634853226418,95.24438605662797
534,110.07669404594814,94.31729184704156
535,113.55482285744876,97.41014690749694
536,114.8822588022631,98.47576482601806
537,109.39560947658646,93.77384906578166
538,113.77128682174498,97.44122651376534
539,112.42959834130178,96.37111900535254
540,118.04833451200574,101.06826064577268
541,112.33009034046788,96.3112358861432
542,109.89059939962591,94.21629135199322
543,110.62831806689155,94.83701925862005
544,110.88789075249355,95.00908633095612
545,115.3151699433111,98.79390425411603
546,109.86732941364365,94.26338809906234
547,113.0543899999735,96.96985887306933
548,113.80248883093627,97.53993205402702
549,111.62789172645158,95.62776193143836
550,121.7390864925654,104.45373300565082
551,110.18166634989419,94.5341657181001
552,113.27372675026847,97.0601156940872
553,110.82868050939685,94.95758423839885
554,109.19750023956806,93.61105101766654
555,112.52272635324093,96.40886230936052
556,112.95897215112527,96.80435416195692
557,112.83180140414692,96.71022478229517
558,112.4985133028475,96.43934724228909
559,112.5830252295619,96.44716432100327
560,112.70748597768889,96.6026329373399
561,113.06030507264332,96.86811275577598
562,117.70531512593308,100.73805769334402
563,113.20016891812767,96.98493612142758
564,112.12405920212468,96.06058103592017
565,112.0922902134752,96.14555245492073
566,111.99559129042537,95.99394789739935
567,116.89042842958617,100.0836893518344
568,122.25292688143145,104.69489245537525
569,109.380379916696,93.78380668483668
570,112.81217887004092,96.69588281453763
571,116.44317951087004,99.68023196364724
572,114.6008775536621,98.16489699224806
573,112.64476280779213,96.47916333154951
574,115.66596553147471,99.26975156492102
575,113.72819262777843,97.49005086935824
576,111.9306547903198,95.87196629634255
577,111.74596331384026,95.83078496866558
578,112.23701589858393,96.21082460144225
579,111.97396831320847,96.02433566358408
580,111.8776744503249,95.96962156984574
581,110.95645129789062,95.13387095946533
582,109.97626702765109,94.27336415616986
583,111.24809896465189,95.30697158081959
584,112.4514503650057,96.385064644442
585,111.21998385404757,95.38760555029783
586,111.88577568405397,95.91940490606086
587,111.63750152034345,95.7022804986068
588,109.96558414778059,94.36642126640278
589,112.53102317339507,96.46246855612293
590,108.99447656557727,93.48099849465159
591,110.23213539871136,94.33555272285939
592,120.32192724957568,102.90130578961583
593,121.59332708050835,104.24774068433189
594,107.24127450386217,91.90177256013592
595,119.49142039680942,102.22894564103169
596,112.15581107143774,96.29010620216891
597,112.49369543840508,96.38380430365704
598,111.45653404244396,95.45606789563604
599,120.08511343558371,102.69250466196073
600,112.46880061289936,96.33917690234415
601,112.17595754557377,96.14480664238326
602,117.97560393479003,101.06604664356269
603,107.5124240641365,92.13751702828985
604,110.50573952508535,94.82349615425653
605,112.50642224022363,96.49991285044695
606,112.1327132537362,96.10128534326886
607,111.74344548257871,95.75249686241969
608,113.4696150294195,97.08985579085672
609,110.70750075230828,94.90283554703826
610,115.27070889081486,98.97507062081945
611,117.48160924164142,100.96772408317011
612,114.47601914493005,98.01786491824245
613,113.65787998958693,97.37757754029431
614,113.41054432693137,97.13806289309917
615,112.470902007409,96.4549154090048
616,111.18269255922381,95.2374687678838
617,112.55327658171973,96.43591938524574
618,116.32725392105513,99.68097291340312
619,112.58781027813502,96.51589927657585
620,115.21250343418666,98.87012919877336
621,109.03235772765214,93.50493866063479
622,117.08739223230202,100.14128632351265
623,114.25186665997711,97.9346953755718
624,113.01693300976434,97.13574000942731
625,109.87905868863182,94.17654566176967
626,110.45257810136351,94.67916870522872
627,111.59566289263557,95.73846690993562
628,112.51788452665691,96.40148389661377
629,114.13935553801817,97.86238290958303
630,109.60310950912493,93.97771743020775
631,115.58610068665965,98.9855645473038
632,109.70908836933359,94.1118611007514
633,111.76460640705123,95.83453846998644
634,111.98197727489313,95.97874079473189
635,112.35182502745809,96.37540919089888
636,113.46466313940422,97.26363955865504
637,119.44533062192913,102.18133813969325
638,110.94862750313027,95.02481980729118
639,114.07347077202186,97.85751187639309
640,112.83355886863455,96.59263447135987
641,113.0512916937484,96.93183562841827
642,112.64387524787284,96.49824352200181
643,115.9744394479765,99.23706085459037
644,114.15986492625979,98.01469306624242
645,113.23184470334594,97.03098006284081
646,123.66598382734566,105.96289450013509
647,111.93867162402955,95.94367604151347
648,111.17594267356515,95.32352513705942
649,110.53488701263133,94.69286926129679
650,111.11319961546054,95.28374922052834
651,111.45533378875254,95.47673597514532
652,112.65855890707218,96.47782840887776
653,111.86336747398428,95.91097318203141
654,111.78806075493053,95.76068192975954
655,117.59721937265326,100.6500584692717
656,112.41800957659997,96.42549266855055
657,113.8883805474773,97.59967564912841
658,111.58790510819323,95.76589755680239
659,109.77760420071795,94.18245929594238
660,111.70678125434537,95.6970936300369
661,112.54671517026807,96.4515721297019
662,108.63885681818513,93.2083394171116
663,112.20589470423778,96.22456325801151
664,111.9174907016455,95.9712658319169
665,109.72685999823861,94.18556730029985
666,113.78060129061627,97.52102378022016
667,110.37740451814446,94.76701304509427
668,110.48646210808421,94.67450424020122
669,117.16235493124339,100.26510640694761
670,112.85774542364982,96.73926995499073
671,115.09252552053817,98.59998675919496
672,112.51818427519947,96.56751470412243
673,116.65250564824181,100.1404591485141
674,111.77350120310687,95.77472794065582
675,112.33471924655277,96.31382684857456
676,114.25152530804579,97.95036641369464
677,111.41430288778206,95.44048110809813
678,112.6340225267881,96.53106673753288
679,115.04990906402665,98.41151658202207
680,112.35398750926086,96.25230907125368
681,113.7649376024613,97.52064226131101
682,109.24857583699854,93.68744463179266
683,110.69800029939131,94.88979408943952
684,112.15696914498169,96.16649537386026
685,114.50942998023649,98.25290024418462
686,111.9229585378821,95.94212151501131
687,110.8053895993641,94.85023008361877
688,115.85461602025234,99.44569820157623
689,108.37334899108184,93.02032299723844
690,113.0457121429333,96.87019730827677
691,109.7550089444339,94.08447236879401
692,107.92113363881072,92.51787670119911
693,112.18465368803206,96.22724286812725
694,109.8041282164713,94.19388571596593
695,112.78754845723866,96.7143562142104
696,112.7884938706427,96.624207306215
697,116.08610873845419,99.60166116860998
698,113.4232790320045,97.27520472509833
699,112.118096065641,96.08229616740824
700,110.37419275132203,94.70089247522225
701,114.56665784612252,98.27568873258014
702,116.91304716318814,100.1623621017131
703,119.7395580112424,102.43913030948111
704,111.87412741197959,95.91994862280058
705,111.90983653742144,95.84283066235879
706,112.99085065118243,96.81924635264177
707,110.74457153821595,94.84626394440092
708,112.05329960384971,96.03592729572908
709,111.18234989384484,95.23239818938448
710,113.65753822675993,97.3952758919115
711,112.7847646525315,96.66929839904385
712,113.29998343354013,97.1165020771009
713,113.27878095634435,97.04203849067426
714,109.62619578097562,93.9960284154177
715,114.92440774441083,98.38323123731394
716,114.09811930691113,97.86756559924004
717,111.73905617669897,95.72700333781164
718,117.45745021907825,100.58220962672942
719,117.90143535737562,100.98918678590252
720,111.03076632319923,95.07417258782539
721,117.42705621765208,100.36450939274204
722,114.39521657608898,98.01872363141752
723,111.88837317302864,96.0209407120039
724,111.91425129047133,95.91748539840874
725,111.37542099536546,95.5214369777179
726,110.41545350679527,94.74126092075994
727,115.83951397521498,99.40264090501023
728,113.50918177853036,97.25961202555632
729,110.10098128605046,94.48012436050654
730,113.0958120423429,97.0819999634914
731,117.70139364689105,100.76073516577608
732,119.06793091926086,101.92087169179747
733,115.32941576876391,98.87250701099418
734,113.39246724114017,97.25601166938951
735,116.45767155521273,100.01509094869996
736,113.59410901179206,97.39746634259338
737,114.44021204183422,98.0165255266107
738,113.96259116563147,97.7163116153889
739,119.68198819920332,102.47154571514724
740,117.462199710272,100.57413722888043
741,112.46072336201783,96.42182893124027
742,109.42045030107232,93.694789263731
743,113.17203569370228,96.96421724722936
744,111.77748474673949,95.83586373952917
745,110.96194818203978,95.09361978113833
746,111.28519964608705,95.2869489317905
747,112.56219377501509,96.4217856430765
748,111.54107523915994,95.65553408547304
749,114.43147148296522,98.07866828183553
750,111.286805603804,95.39724827491848
751,111.28600190757496,95.39547780726443
752,110.85359940616976,94.92194428967697
753,114.74198786378264,98.28094981822845
754,113.13570105099726,96.96200367258832
755,108.39373910605806,92.850841767156
756,110.13547674840903,94.47127817005854
757,109.88936593558292,94.14377611318878
758,111.76381564819238,95.81901703426476
759,112.70084133736823,96.62986053842317
760,110.8011588220983,95.03020076398653
761,110.1660603039951,94.46779917153441
762,110.65285494560155,94.86461458573648
763,116.94456041717197,100.46021280529109
764,117.4319237147709,100.52912019465516
765,112.4657892806657,96.27231258643782
766,110.95661325286909,95.15672133352092
767,112.43065884682791,96.35458230553999
768,122.07861658242452,104.47172055797542
769,112.05452164905532,96.07900206060543
770,111.170808077006,95.23914791254657
771,111.00652987563164,95.11980577947354
772,113.62885999019011,97.36818609471794
773,109.09842412270119,93.5747637068155
774,110.79888941978449,95.04592100603574
775,118.29157160231898,101.14276488995763
776,109.45609088743936,93.88338621235462
777,114.31624611428362,98.11252031715632
778,112.28727750835492,96.43808149716304
779,110.6674452704314,94.77693230636285
780,113.46283723266382,97.23231299447058
781,112.69957824562294,96.56573417444345
782,109.0749223841758,93.51256594441496
783,115.03281137311004,98.71088085746487
784,112.61468314351461,96.41042498738341
785,115.77700761732227,99.38834608754281
786,114.37311787671908,98.12932738930809
787,113.65822235852765,97.45518797218139
788,112.8516426821601,96.80709726131487
789,118.83512238722557,101.77550024036866
790,117.35246435290131,100.43628841995186
791,111.69657182799578,95.73023795553175
792,110.05791927707365,94.33608286737197
793,112.31322065378475,96.26181618807797
794,112.55056605020567,96.60118958321782
795,113.53423977733317,97.2757566266298
796,112.88546581276245,96.75702167193131
797,112.31553529575974,96.25152102528011
798,116.32919832938924,99.58431307017068
799,112.92901379499695,96.80630782314363
800,107.6527789112273,92.20808062377242
801,111.49442796129527,95.57501452098694
802,112.28540879166576,96.2709580724192
803,113.23672969218276,97.09666186417267
804,112.65623717857991,96.58090424634858
805,111.15213988951872,95.3894084530236
806,113.2132110247432,97.12225041858453
807,111.35160319789995,95.44713048561496
808,111.77601734483915,95.94474963235884
809,112.98128351472964,96.80439450258058
810,116.11578625798413,99.62012945369656
811,110.5820276043487,94.90462198984258
812,110.1787212692235,94.40578066926177
813,119.4709467977121,102.1293516505078
814,112.12535827159543,96.16174144692778
815,112.54607916505327,96.48272966486256
816,112.7358322574418,96.66326748163074
817,112.71952781227787,96.52303508575875
818,114.47901647507369,98.11423812686793
819,111.97566179081488,95.92558133957083
820,113.07130425356095,97.0348626511655
821,110.19446846190732,94.36817400984889
822,110.86234785954919,95.03604226627311
823,111.65368966836147,95.77353735099462
824,112.89773371307517,96.75832869435493
825,112.87743950447114,96.76636720345638
826,112.25613026717761,96.28234664905878
827,119.42852802095962,102.22893274402213
828,118.39385592819812,101.29076623806486
829,112.88160433067154,96.83338209192453
830,114.9513989723747,98.6603611072101
831,113.94391477941488,97.744814782372
832,113.97444089185404,97.7079344411321
833,111.4073857757021,95.57403948353736
834,111.0729813790885,95.09127702449095
835,109.44838902796548,93.77491647246941
836,112.89954532532116,96.85179809818567
837,112.09453752987788,95.95476649849248
838,112.86598449569729,96.81752691960753
839,118.33892940609638,101.24587275985046
840,108.45388922415941,92.96252627309876
841,111.80962704623079,95.88914793778235
842,112.17192061888063,96.20146146340757
843,112.54021918066314,96.50158724322633
844,111.58441449383565,95.6217982225001
845,110.49176399669196,94.61913891180538
846,115.83653880554837,99.441801975732
847,114.87836272726045,98.5506123384835
848,112.4969789478737,96.44160642646881
849,113.59901752576936,97.43323090400068
850,112.93822007082008,96.80980988779501
851,111.31226081635006,95.51277900734637
852,109.72935827941436,94.14076999909008
853,112.06871703944543,96.07534025639751
854,116.9844516362754,100.13178511814507
855,114.20765132365909,97.86381649843027
856,117.26028555084241,100.41299199779357
857,116.22060244680293,99.75033164142889
858,113.83809456653069,97.61028613360726
859,110.29220775063442,94.64537534180178
860,115.4269733833243,98.86031154262992
861,115.25533608181475,98.7238524472193
862,109.89164327813948,94.10901804822836
863,119.88673481880085,102.56909156889145
864,109.9747052844084,94.31999298128444
865,112.96848448841925,96.73600760455614
866,113.54051115688142,97.33348521436159
867,116.69509845992911,99.91809154478318
868,115.74806959495457,99.08579259488937
869,112.54982499955423,96.66197755618978
870,111.29996938226822,95.38463376093947
871,111.1348168456498,95.17667700464668
872,114.31822648333602,98.04677608787625
873,113.58123283164473,97.34742024225145
874,113.13638617346194,96.9666420359928
875,112.37382498025036,96.37796131680318
876,115.52050839938109,99.13809829296251
877,116.70228507856811,100.24071789575976
878,113.50021972983936,97.26981548091433
879,111.78099134078157,95.80696880121019
880,112.23110077617035,96.16658864477282
881,111.7147966717983,95.72728164018748
882,111.10967383902272,95.19603550059051
883,112.12466131015573,96.12346603963518
884,111.69782491969329,95.87826669899698
885,111.7011729009691,95.7719702874494
886,113.35700097966537,97.32667523065906
887,113.5324583741189,97.40665218912733
888,111.90280944116878,95.90089276835576
889,111.91221083318794,95.96102464020896
890,118.17200849026565,101.09728050898262
891,115.80529686484861,99.37252797571435
892,113.08372906628817,96.96252736752656
893,111.80737454364298,95.85513625922496
894,112.3539202309606,96.27187680669192
895,110.08362998340564,94.32191973050533
896,112.85218394673932,96.81280819045534
897,110.95328062526596,95.07507097520532
898,110.77929801299722,94.88139242303144
899,112.70525716593218,96.5206972315025
900,112.13539866762032,96.06753180615033
901,122.45959805659953,104.92331179405758
902,112.21049546875057,96.15295194388628
903,113.55953467948419,97.39682988461298
904,111.66408768163586,95.61680612930124
905,112.89708782017016,96.81197512692994
906,113.82709400571042,97.55719592754255
907,114.07083230000364,97.73457684641181
908,111.55583267713854,95.59691567086551
909,114.10836296984769,97.90657323254987
910,112.70482873629392,96.54592797498441
911,111.99747081191649,96.03848398695663
912,113.64483455495511,97.36287238969781
913,110.89709373324564,95.15467670044781
914,113.74049033025094,97.58026560446339
915,112.5605665863513,96.53939418515728
916,111.84240706945502,95.88271146860939
917,108.95470243982959,93.43828286335292
918,116.68247363330681,99.92902370596761
919,114.68067309791411,98.36232751771796
920,109.4019142405276,93.74273903117867
921,114.58497056829793,98.1930403602176
922,111.72659571582693,95.73443578875484
923,113.35198316172068,97.15795622803859
924,115.2727059198465,98.80715178390143
925,118.99057345331475,101.81516204643874
926,111.14455130557465,95.28933264595366
927,113.11874576649913,96.96439276918125
928,112.86391290211067,96.68331902345702
929,116.91516551770745,100.01213120571845
930,119.71390579718854,102.61103123115286
931,113.4247757088113,97.17373629411944
932,120.40205626734638,103.24363155614151
933,112.95604751098973,96.8350520567829
934,114.38219872655566,98.18436565548245
935,111.88527847694539,95.79473191342072
936,110.66923607832666,94.79027727930601
937,113.79751028852726,97.37351542013036
938,110.95670657920124,95.00016559664213
939,111.20517552907968,95.33176621812925
940,114.37660039267621,97.93301821946196
941,112.09784991750612,96.12636098555122
942,114.77494572038304,98.3083351480974
943,111.95115280913053,95.95051375738403
944,117.50354249749113,100.59775739458338
945,115.28380827757921,98.91380129004828
946,113.06627554727355,96.91321610266846
947,110.82083058811301,94.93767783732721
948,113.79261468170641,97.52124080290972
949,110.82791820415959,94.88912680888625
950,110.54655957936976,94.66211659527377
951,112.44747766079368,96.3274830691977
952,112.0735267283479,95.98330691759676
953,112.30626692389953,96.30410247477668
954,111.64417677962265,95.72359481114084
955,111.60577332032076,95.76673222211306
956,112.80133109701211,96.7159466271774
957,114.54808632265961,98.33238308693316
958,120.88202667837565,103.70447474343658
959,114.26054970544565,97.87227767329064
960,112.49622136014762,96.37879240372118
961,110.77688342133516,94.8430618993766
962,114.00394225722533,97.69194164145668
963,116.80327489169036,100.00521675549462
964,117.81810691572505,100.87282806263292
965,109.8654511043735,94.18601490047661
966,113.20028512224962,97.0041765605747
967,112.36089965630539,96.19831897709089
968,113.30465095303077,97.01096316644431
969,111.2832827403245,95.28416541331305
970,112.38033972304225,96.34220531923685
971,110.9760912216237,95.09803322678317
972,110.54679581847961,94.66061300927461
973,113.30005932016891,97.07351927641245
974,112.62921739288129,96.5860260395716
975,113.01650432000552,96.91575954732852
976,111.84146323072805,95.88153675181177
977,112.7627542807489,96.60758987906866
978,107.88767303909853,92.56125637440428
979,112.56015817888232,96.42864905539655
980,112.22001862293202,96.19459066722166
981,117.0401128574572,100.48403165255571
982,111.68827669584817,95.72945950778305
983,118.1443618310146,101.36583883232012
984,112.42035560555752,96.39666159211298
985,118.32138362456209,101.22891383479728
986,113.28624249720224,97.04181012770813
987,114.38601470674604,97.99323766480855
988,113.63235455894532,97.49793479036754
989,110.33203468745981,94.66827360523757
990,114.74764637491961,98.43072467130293
991,115.73389619881289,99.18035903169806
992,113.1716790314974,96.99181676023429
993,113.39792730614039,97.22246990380476
994,110.21678816517272,94.44506411589242
995,108.81832414552923,93.2472704331351
996,109.81065436118975,94.12577703736255
997,112.27673065524272,96.23500755030734
998,112.14227123188442,96.14668677093414
999,113.88466125981516,97.56006030514706
1000,111.98125723000442,96.00528896235791
1001,115.45775396372811,99.1062366670954
1002,111.85174910487092,95.734813218126
1003,113.29807656677073,97.06292541334764
1004,115.49008762204446,99.11978996815168
1005,112.19107807645322,96.14899951298823
1006,111.09183076505275,95.17262419207876
1007,110.67189704866927,94.84383385273706
1008,113.67934463360567,97.40641158290589
1009,115.91656378141127,99.45923209966989
1010,112.86735673845163,96.73731890367165
1011,112.00287101945365,95.93060130004719
1012,113.38732680323491,97.109956775374
1013,113.15913481322488,96.98445880804539
1014,109.64202552639213,94.0485663629248
1015,110.97743495762398,95.1381218323912
1016,112.70207293525948,96.57272424867716
1017,111.15912644913654,95.20824281242093
1018,110.43224790647545,94.64031168350712
1019,117.40012205686969,100.50358251016586
1020,112.54097300261293,96.43936502452249
1021,112.28902098439767,96.20945996937283
1022,109.24680659401899,93.68852728779714
1023,112.80296834002701,96.75364814990947
1024,112.26503647565605,96.21945242393946
1025,116.21494204686095,99.39648656914886
1026,111.93500237185822,96.11376172757504
1027,111.80438333389317,95.88456116802067
1028,114.26974214411652,97.77695843063526
1029,115.70966679948503,99.29746693107987
1030,107.66541955871901,92.26363083735205
1031,109.04070633368357,93.54255653845446
1032,112.54442351809924,96.46156827806962
1033,113.57258085655745,97.33517119479438
1034,113.08594610012926,96.98880144499905
1035,107.22284637524137,91.9048230743838
1036,112.54025509313664,96.54153378403478
1037,113.03396346595954,96.91182326477951
1038,115.59191247117528,99.17301548694748
1039,111.17562716081407,95.25097009962792
1040,111.0765730239487,95.35457450870189
1041,112.39427926001736,96.37105239530919
1042,111.91626357761388,95.96590337088344
1043,113.25207477186242,97.11031385590293
1044,115.07756958262581,98.82604089139909
1045,110.93675591418153,95.1506700638784
1046,112.84039573465074,96.66222203497284
1047,113.66749669765031,97.41897892013884
1048,112.27160538875656,96.21410110733991
1049,117.19602070816508,100.25608994872272
1050,115.74476541616369,99.12359811351513
1051,110.11168946126594,94.41469119554412
1052,112.26301167556156,96.12039520648082
1053,112.39477670843903,96.25432393930268
1054,113.81281004056865,97.65131119246233
1055,112.90990237352017,96.78909255051181
1056,114.91403771201358,98.57876810983292
1057,112.61297806282131,96.69365158366213
1058,114.96299673574379,98.5802371846981
1059,116.82399469870538,99.96397975679925
1060,111.2014673062693,95.25599056263668
1061,108.37638873922282,92.92099581403423
1062,112.52527452448965,96.43157307727239
1063,110.77317125927215,94.90461515592132
1064,111.99698460927621,96.02910844716406
1065,118.1876692334449,101.41111555999481
1066,110.12931804154124,94.33074614472235
1067,108.73354973600709,93.25755962532253
1068,109.79385502899076,94.12039393688961
1069,108.91639294405581,93.3908896479053
1070,114.74953019065867,98.29416990489857
1071,113.03963680587083,96.87223091153317
1072,113.13757595850879,97.04481366860792
1073,121.40676513999985,103.8573773015992
1074,112.17923160854184,96.17370006965673
1075,109.5424857684091,93.86381588728028
1076,109.37107269618444,93.83426814763712
1077,114.8741748829948,98.64770837132951
1078,119.08809395135022,102.08723954543892
1079,116.8453455355883,100.24962916542438
1080,113.7513206279598,97.49550370798615
1081,119.57811327268783,102.50644449281438
1082,117.83976465681567,100.89655406864298
1083,112.94467336185147,96.8543914917318
1084,109.81528654880444,94.1987793423861
1085,113.44850545901524,97.21727271743525
1086,113.89346136117933,97.61288067008111
1087,110.27914291667862,94.61764329145882
1088,116.35903798027724,99.65012429755815
1089,113.49097300613538,97.25656864828323
1090,109.94211591808207,94.26144262279611
1091,111.72915439153026,95.76003634410048
1092,110.91019650174037,95.11345361384576
1093,119.90382369673884,102.73644285908748
1094,116.41688900127772,99.65849355157809
1095,112.01172277735355,96.01508637001288
1096,114.43357973732749,98.16135968498654
1097,110.72920738603261,94.99662621314795
1098,114.08972095678499,97.89406480155085
1099,116.26219056655285,99.82603162555444
1100,112.19888688966492,96.22064889008047
1101,111.6677177620669,95.59201336691537
1102,111.95655174539824,95.79181014024303
1103,115.4276526454003,98.9270355088245
1104,112.4458500331296,96.42361368031163
1105,119.70873488857009,102.47389330943969
1106,111.71288502754726,95.63134775824432
1107,111.39010835338763,95.52323500545194
1108,116.07694304829649,99.55095705611804
1109,112.50496378151146,96.37534209755985
1110,112.15862853742019,96.11537899707103
1111,112.19956844453026,96.14656150339157
1112,111.18368548741174,95.38467568438432
1113,115.0748750911631,98.44063300438762
1114,111.80759359554733,95.84530214093125
1115,113.00714188534064,96.78023241995409
1116,110.68456759290439,94.81645240223263
1117,112.5868393342413,96.52789352416525
1118,112.42674314578379,96.32508208566398
1119,110.70036107204362,94.8358892508696
1120,114.58625877919317,98.17188766887523
1121,112.15275097591626,96.11584566938913
1122,114.15704999650288,97.99854698127854
1123,111.87792588553359,95.82317051637702
1124,112.84196867968602,96.74193723814878
1125,112.1102883061978,96.09704898644812
1126,116.00343502846717,99.28743283255713
1127,115.09943533225467,98.67336368886544
1128,111.84936216519478,96.01272398895983
1129,118.60620596744808,101.49460562710894
1130,113.53751031651633,97.3572208853172
1131,112.19331371664919,96.1882080894868
1132,116.45464859793078,99.94764944485225
1133,112.63362938007299,96.56214529583377
1134,112.53099244649313,96.35086443072407
1135,111.89018597233442,95.77659817056727
1136,116.2202701419049,99.52718501075758
1137,113.47674713986397,97.1871198126795
1138,110.09909771058939,94.24727862809627
1139,112.34762173669922,96.18980002480687
1140,116.97928031964074,100.09056694388613
1141,111.52264960738631,95.55831437014976
1142,113.14722744606632,96.9732278417342
1143,112.35414305627683,96.33305308470422
1144,110.28496358281906,94.63422504257522
1145,109.34021499051104,93.7879842813995
1146,113.99224277032451,97.7130663245368
1147,117.98665352391093,101.03395073809632
1148,118.42074451555638,101.44724066632894
1149,112.41412811458913,96.36834264259402
1150,113.25479387373392,97.16618950544853
1151,109.3062039266799,93.72941129101335
1152,108.9768338433987,93.43828826520905
1153,107.48499385733362,92.12561770660282
1154,110.17334627197292,94.45762157956
1155,109.45467933763686,93.88201578480161
1156,112.3760886823232,96.40741503373003
1157,111.48539641361765,95.4678154028989
1158,112.00818751409719,95.97801602189995
1159,113.24003277461644,97.01247201681298
1160,109.46092321847539,93.74083427139752
1161,110.97613454732274,95.03515779443147
1162,110.73077225574852,94.8342475846554
1163,112.46991405922192,96.36658500495642
1164,112.41757018067315,96.37837567102025
1165,110.11836693940316,94.4975140181727
1166,112.31693275814062,96.26293344429395
1167,113.94832223242274,97.57411446017542
1168,112.56841049576998,96.50971664766686
1169,115.81584441078678,99.32924135879603
1170,117.57772261257153,100.98938145520938
1171,112.90212915171547,96.78947049967692
1172,116.22817682614107,99.52452472697911
1173,110.58285159584024,94.73212113916338
1174,111.44222927177344,95.59909197668762
1175,111.91901611082841,95.91967852768445
1176,108.61553708315168,93.1520784992198
1177,116.51314988036536,99.75741694663503
1178,111.40845699838235,95.51833231476239
1179,111.94077179381013,96.06473110152457
1180,118.29667230455206,101.28726756624488
1181,114.2740418491661,97.98371267450757
1182,113.21139435362154,96.98256619851777
1183,118.53190761487053,101.49159760515228
1184,112.10850709190825,96.10168833907784
1185,111.04856002307815,95.14940010368794
1186,116.2532440283572,99.7666981412003
1187,111.09486617240668,95.24462827088654
1188,112.12318163927162,96.09527318246273
1189,117.17481460897858,100.31757177638005
1190,115.78604894528867,99.18530464957676
1191,113.11029483489719,96.9920320646002
1192,113.27776479845463,97.12505826374166
1193,111.45448505303682,95.54798276067021
1194,107.8100844281534,92.35859852501014
1195,111.02285637583311,95.15463367724527
1196,117.38610896672503,100.4751735170648
1197,114.97393175747888,98.57007198453755
1198,112.02109458903469,96.05027927079502
1199,112.20219870248798,96.13060218328565
1200,122.133822776806,104.64791087490164
